0,558.49,217.32,576.69,991.53,264.24,350.31,462.06,900.9,672.85,879.41,398.49,974.89,526.09,620.52,798.41,455.18,32.921,357.86,391.17,880.88,410.16,365.43,879.35,430.06,293.32,159.27,453.59,166.64,525.12,966.34,564.91,1000.7,395.13,812.6,247.7,325.11,492.07,797.16,503.84,682.15,650.8,751.7,907.42,129.69,807.1,135.93,327.64,696.36,705.28,813.24,75.799,616.29,514.3,735.27,392.87,340.52,769.26,870.78,684.47,37.125,843.95,197.41,131.26,555.06,886.78,622.28,742.47,903.99,327.16,584.17,653.67,755.91,833.27,195.07,410.51,230.7,847.46,393.58,549.19,832.09,242.14,970.57,595.84,244.43,689.01,813.76,665.35,521.32,233.15,307.74,683.19,633.18,989.54,198.61,757.88,381.71,158.72,448.98,769.01,82.489,563.02,415.27,599.31,318.45
558.49,0,367.5,599.64,960.54,686.24,741.74,948.09,973.34,756.32,1070.7,677.21,1018.6,32.45,292.86,1041.1,111.56,549.09,315.02,560.82,1058.5,519.17,627.61,902.18,590.52,692.99,436.55,424.27,441.97,505.78,964.18,45.064,1010.7,283.82,865.02,317.95,548.39,868.33,996.95,374.14,223.61,796.98,197.5,854.99,516.33,952.05,665.31,248.43,293.21,418.45,576.74,569.79,288.37,156.88,322.47,210.01,398.76,693.35,355.64,566.66,593.62,945.69,755.9,484.19,688.63,824.94,491.58,320.48,776.85,464.81,919.81,788.28,1127.5,449.19,636.51,783,353.2,1069.1,179.44,195.36,1058.4,448.53,985.81,580.67,542.22,215.54,548.66,974.82,285.74,325.35,287.56,888.65,106.02,1074.5,487.3,288.27,183.86,700.2,902.09,897.5,599.84,1031.9,840.56,237.05,848.3
217.32,367.5,0,603.24,1026,437.25,517.09,669.46,971.51,734.48,994.6,517.94,1037.5,335.61,511.51,930,280.65,222.28,290.11,291.26,990.95,447.98,318.85,929.68,497.33,458.56,69.581,433.83,74.594,525.5,1010.9,384.58,1051.3,309.49,871.04,135.1,243.92,661.66,912.39,450.78,534.18,736.53,564.99,929.77,247.6,901.56,301.22,194.49,569.24,621.89,758.17,207.03,506.54,299.36,607.89,178.91,162.33,773.93,708.34,664.97,254.4,923.33,406.32,217.22,626.99,904.39,590.28,612.24,897.01,356.17,742.32,734.86,932.86,722.93,369.65,573.65,14.604,972.91,236.46,417.14,958.76,116.07,1022,608.52,343.87,536.3,747.7,817,427.56,90.435,91.466,795.05,457.7,1068.4,272.48,610.82,183.65,337.76,645.58,855.08,237.6,767.22,600.34,474.47,534.53
576.69,599.64,603.24,0,423.89,427.27,402.3,621.86,382.39,156.72,475.3,271.63,439.98,585.41,368.46,463.67,518.74,544.11,333.87,892.63,461.14,166.79,904.18,328.18,163.33,403.1,619.77,185.15,635.01,94.118,407.73,563.96,448.83,340.65,275.72,472.85,838.62,438.05,407.2,226.17,505.18,208.68,682.47,332.54,447.02,353.22,704.97,452.01,447.69,327.98,323.96,647.8,369.43,702.13,467.31,636.45,758.21,196.21,664.59,158.99,582.24,347.62,688.59,450.43,126.52,310.52,162.01,479.69,333.59,255.87,429.7,196.82,621.88,475.39,447.9,393.95,601.65,481.55,477.2,417.57,473.15,713.53,419.94,40.147,338.3,523.5,348.79,447.94,319.12,516.86,621.15,312.61,574.77,483.33,379.07,540.82,572.56,714.41,547.08,298.29,659.17,654.9,478.97,407.23,637.48
991.53,960.54,1026,423.89,0,797.36,741.47,907.71,181.85,325.94,392.13,625.11,133.66,955.12,675.85,476.25,903.86,958.62,747.23,1316.1,366.4,587.67,1327.7,126.74,561.8,766.84,1043.6,596.43,1058.9,502.11,51.374,918.17,78.958,744.75,197.67,893.82,1262.5,699.01,399.56,606.21,796.35,378.16,979.4,105.63,862.6,310.22,1113.4,864,718.17,566.23,430.46,1065,679.48,1088.7,715.47,1042,1178.3,268.02,885.53,394.36,992.35,238.22,1075.7,869.88,443.43,135.95,471.5,726.09,212.2,678.88,630.32,367.83,729.64,643.86,837.68,704.97,1023.8,444.12,876.35,765.2,450.38,1137.2,80.933,417.98,747.58,814.6,471.33,586.4,679.65,938.35,1037.7,425.08,903.27,216.53,797.68,794.31,976.56,1117.6,832.09,298.8,1073.5,895.84,779.38,729.9,982.35
264.24,686.24,437.25,427.27,797.36,0,86.096,263.18,678.07,471.63,626.33,172.25,756.19,656.85,628.35,538.92,574.73,238.32,390.31,655.26,630.56,290.96,627.17,675.34,264.31,32.625,401.93,391.75,413.8,418.2,763.77,675.49,791.41,431.33,604.52,384.28,589.32,229.05,545.52,467.52,732.51,427.76,854.83,729.27,191.07,568.85,344.03,439.4,716.91,668.7,729.61,335.59,625.72,696.61,751.7,581.86,587.84,620.24,925.61,573,243.68,616.06,279.65,223.86,356.34,714.74,535.21,761.96,757.17,262.27,319.94,434.7,497.53,817.34,70.134,146.33,446.41,589.91,506.98,598.11,574.2,497.77,761.61,459.62,150.39,745.2,743.47,401.47,529.44,401.25,512.55,436.86,728.54,757.53,199.23,799.02,545.08,336.72,217.52,538.78,328.55,346.5,163.91,630.51,214.19
350.31,741.74,517.09,402.3,741.47,86.096,0,231.43,610.93,419.25,545.21,130.81,690.12,713.76,651.99,454.91,631.14,324.04,434.34,741.23,550.76,293.49,713.06,616.83,247.53,58.855,485.34,405.75,497.64,412.43,704.7,726.87,729.11,473.28,545.35,452.44,675.36,144.93,465.5,484.67,765.83,365.19,900.65,681.2,269.5,495.48,426.22,499.5,741.68,676.44,718.9,421.58,649.96,764.96,774.26,653.5,670.6,587.01,956.35,556.8,329.5,547.25,349.41,300.69,310.95,669.52,530.19,785.21,721.52,291.88,233.86,374.17,415.76,827.97,155.66,60.245,525.45,506.74,564.35,635.14,490.9,582.31,699.77,438.6,199.97,779.9,737.24,315.46,557.39,474.09,588.5,360.77,774.64,685.5,263.01,828.02,612.22,415.98,167.24,469.88,413.92,295.52,100.02,661.2,242.93
462.06,948.09,669.46,621.86,907.71,263.18,231.43,0,751.52,605.54,624.85,354.18,830.69,918.22,881.91,516.72,836.53,448.92,652.84,831.16,639.09,524.85,780.47,781.04,475.6,263.02,619.8,636.92,628.33,641.66,864.39,938.39,879.48,693.49,711.05,639.85,765.19,208.72,559.75,715.61,992.15,534.71,1118,864.97,439.08,620.64,472.4,700.22,971.42,907.6,943.73,513.07,879.72,948.46,1004.6,830.06,802.53,794.55,1184.1,779.7,428.47,685.77,348.79,472.77,514.54,858.54,758.8,1015.4,923.58,518.11,288.64,547.56,352.66,1059.3,313.29,227.92,680.92,572.22,768.65,859.1,556.65,702.81,852.41,660.14,412.63,1005.5,964.26,360.04,785.71,650.57,753.52,487.74,991.68,805.05,460.89,1056.4,799.69,444.95,77.116,613.24,492.75,103.32,142.9,888.62,168.14
900.9,973.34,971.51,382.39,181.85,678.07,610.93,751.52,0,237.08,212.58,510.24,79.837,962.01,710.6,294.75,899.12,868.32,715.24,1254.5,186.88,523.65,1254.5,94.857,478.55,645.92,977.43,567.54,992.61,474.92,130.64,934.68,130.31,723.02,108.34,846.88,1196,545.07,219.11,600.66,842.92,251.75,1027.5,211.53,776.58,134.28,1012,833.08,770.96,622.75,518.96,976.4,713.18,1083.5,777.31,1018.4,1130.9,309.95,964,423.96,895.6,65.79,957.15,790.16,348.55,231.68,488.46,789.1,333.38,615.36,466.2,247.46,549.2,731.7,728.35,566.14,971.81,262.67,859.51,782.86,268.58,1075.8,107.3,394.2,658.58,861.75,560.01,413.37,687.82,889.38,998.76,263.91,934.14,101.34,718.73,857.05,954.78,1010.9,678.27,141.59,980.31,729.27,632.56,759.53,843.97
672.85,756.32,734.48,156.72,325.94,471.63,419.25,605.54,237.08,0,321.36,299.4,304.88,741.79,518.08,324.1,673.87,639.99,481.88,1018.3,305.81,286.57,1020.7,207.11,244.54,441.42,741.6,338.12,756.82,250.59,295.09,720.65,327.89,493.1,139.94,610.06,960.58,400.49,258.97,382.83,654.79,82.871,835.02,262.57,545.87,197.02,790.51,598.96,592.01,458.42,407.85,747.59,519.58,856.08,607.22,785.02,893.85,207.1,803.3,260.11,670.88,193.86,749.79,557.11,118.53,253.47,298.86,619.59,321.92,378.39,357.25,67.175,520.26,594.61,512.2,388.68,734.74,333.56,629.61,573.52,327.1,839.42,297.74,180.87,428.58,673.4,442.43,347.71,475.32,652.39,762.46,185.24,730.08,335.34,485.09,683.9,722.35,793.2,528.45,141.85,753.83,613.58,468.62,560.24,661.89
879.41,1070.7,994.6,475.3,392.13,626.33,545.21,624.85,212.58,321.36,0,483.82,267.06,1053.9,839.38,110.16,981.6,848.93,778.69,1259.3,25.759,568.16,1244.3,299.29,504.67,594.09,985.51,646.94,999.98,567.03,340.83,1037,328.11,797.1,270.68,885.03,1196.2,437.4,82.673,700.4,976.01,274.26,1156.3,419.15,768.52,127.98,970.32,890.52,911.97,773.63,696.7,954.48,840.92,1158.9,925.33,1075.8,1156.9,480.71,1119.7,571.24,865.56,175.97,891.07,789.92,385.61,434.98,618.88,937.61,535.81,650.1,340.73,282.41,358.14,900.46,689.03,488.98,998.02,58.829,931.07,892.72,71.599,1086.3,312.93,502.14,655.26,994.66,735.85,264.82,794.14,922.93,1039.5,199.69,1050.1,205.41,724.42,1003.1,1016.7,961.18,560.61,182.09,951.71,579.08,533.06,881.4,748.7
398.49,677.21,517.94,271.63,625.11,172.25,130.81,354.18,510.24,299.4,483.82,0,587.28,652.32,546.68,412.37,570.89,367.08,362.21,775.56,483.71,180.96,761.66,503.45,122.28,142.23,503.08,297.61,517.29,288.37,591.91,655.76,620.46,395.86,432.9,423.59,712.36,199.1,401.18,376.72,669.23,258.58,818.39,558.07,284.74,409.12,502.36,451.14,636.19,557.34,590.27,474.19,545.28,725.63,666.25,624.84,679.29,457.03,854.84,427.15,388.69,450.08,451.13,307.18,185.07,544.51,404.88,677.74,592.34,212.41,243.28,264.29,450.4,709.7,218.12,129.71,523.05,456.97,508.04,545.44,442.35,603.78,590.53,308.37,174.19,684.73,610.13,306.44,458.71,455.47,573.8,285.52,694.56,594.16,245.46,725.87,574.01,500.63,282.31,373.62,474.57,401.18,212.44,563.29,370.33
974.89,1018.6,1037.5,439.98,133.66,756.19,690.12,830.69,79.837,304.88,267.06,587.28,0,1009.3,746.25,361.33,950.04,942.17,773.78,1322.8,241.78,589.77,1325.5,116.4,549.1,724.18,1046.3,623.94,1061.5,529.63,87.013,978.43,61.254,778.46,166.41,910.38,1265.4,624.63,289.69,649.82,874.83,328.79,1059.6,201.64,849.32,211.21,1088.1,891.94,799.92,648.95,530.08,1050.1,749.25,1135.3,802.57,1075.8,1195.4,335.06,982.97,457.69,970.71,145.43,1035.6,861.59,420.38,228.67,528.21,813.94,325.03,682.07,544.53,323.3,617.14,745.2,805.19,645.81,1037.1,322.51,914.17,825.39,330.93,1143.7,53.942,446.33,731.51,893.53,571.58,488.93,733.05,953.6,1060.6,343.37,972.6,83.808,789.72,882.39,1011.4,1087.8,757.73,221.34,1054.9,806.44,712.38,797.49,923.75
526.09,32.45,335.61,585.41,955.12,656.85,713.76,918.22,962.01,741.79,1053.9,652.32,1009.3,0,295.09,1021.6,82.63,516.84,290.69,535.59,1042.3,497.84,600.44,892.96,568.81,664.29,404.52,406.94,410.14,491.31,957.06,59.462,1003.2,261.79,853.69,286.17,520.89,841.91,979.16,361.47,240.3,779.76,229.44,849.78,485.23,936.63,632.99,218.08,305,422.11,580.17,537.45,290.34,144.92,336.6,181.91,372.36,687.31,383.15,560.76,561.27,932.49,723.49,452.91,670.34,819.96,484.4,335.7,775.54,440,895.32,771.53,1102.7,463.39,606.16,756.03,321.36,1050.7,149.91,192.48,1039.8,418.6,977.86,568.26,513.97,234.31,553.88,951.81,276.64,292.95,256.89,869.61,130.67,1063.3,457.71,308.82,152.02,667.81,873.16,882.39,567.48,1002.9,812.24,239.85,816.85
620.52,292.86,511.51,368.46,675.85,628.35,651.99,881.91,710.6,518.08,839.38,546.68,746.25,295.09,0,832.05,271.33,597.13,264.14,778.23,823.12,365.72,824.77,630.8,430.59,620.91,565.16,249.09,577.04,286.78,684.39,248.33,731.52,225.43,604.19,392.05,745.92,744.87,774.71,170.03,136.86,577.14,318.29,570.36,521.94,713.61,753.04,318.1,89.778,127.39,285.12,664.73,5.1641,438.89,123.36,434.25,615.28,412.94,308.69,288.58,646.14,693.43,800.71,500.84,484.29,539.93,223.29,133.69,485.31,366.12,767.24,565.1,971.44,214.3,605.57,673.47,501.4,849.29,281.92,107.08,841.3,623.09,708.65,337.75,481.21,155.37,260.21,802.35,101.8,428.7,471.85,680.29,227.57,809.73,461.68,179.95,374.05,779.16,818.75,658.38,689.44,944.27,749.55,55.824,831.74
798.41,1041.1,930,463.67,476.25,538.92,454.91,516.72,294.75,324.1,110.16,412.37,361.33,1021.6,832.05,0,945.48,769.2,737.31,1184.3,129,525.44,1163.8,367.49,456.69,507.52,914.69,618.18,928.67,548.85,425.27,1010.6,420.63,760.59,320.9,829.01,1119.9,336.08,79.02,680.45,968.63,255.16,1143.7,484.26,694.8,172.12,881.03,843.53,910.71,781.79,725.82,872.32,832.92,1116.5,928.38,1025.7,1091.6,513.18,1125.3,584.13,781.59,241.18,794.88,718.98,354.05,494.62,619.5,940.78,591.2,598.92,237.06,267.95,255.82,918.52,604.76,396.34,934.72,55.627,890.27,873.16,39.925,1015.2,401.18,496.55,586.54,986.85,762.53,157.25,774.93,864.1,982.1,153.24,1031.2,309.87,657.59,1003.5,969.7,869.37,454.59,209.46,867.15,468.95,431.95,869.01,645.95
455.18,111.56,280.65,518.74,903.86,574.73,631.14,836.53,899.12,673.87,981.6,570.89,950.04,82.63,271.33,945.48,0,443.35,210.49,515.68,970.91,420.38,571.29,834.26,490.67,581.8,346.76,336.19,354.55,424.9,902.29,109.75,947.74,185.06,791.09,210.02,491.25,759.55,905.54,300.36,257.72,707.35,296.76,799.4,405.76,866.72,569.02,137.26,305.45,397.17,551.78,473.66,266.21,185.44,341.89,163.75,350.81,636.08,427.78,510.98,489.26,866.33,652.21,374.02,596.58,770.2,432.77,343.99,734.09,358.85,814.08,699.87,1021.2,465.12,525.09,673.51,267.37,976.27,67.902,164.46,964.89,377.62,921.38,505.07,431.36,257.75,530.29,871.81,226.2,223.56,215.92,794.38,179.5,1000.4,375.75,333.25,108.83,602.37,790.78,813.1,502.96,920.56,729.66,221.3,738.28
32.921,549.09,222.28,544.11,958.62,238.32,324.04,448.92,868.32,639.99,848.93,367.08,942.17,516.84,597.13,769.2,443.35,0,333.41,417.49,850.04,377.7,395.4,846.45,397.14,266.24,171.4,423.62,181.03,493.6,933.43,553,967.84,371.81,779.76,233.75,351.96,467.16,766.57,475.91,663.53,618.44,740.08,874.64,97.111,775.29,165.39,312.2,674.69,678.71,783.95,108.09,593.01,514.16,713.43,392.89,356.57,737,853.67,653.37,49.083,811.58,210.33,101.49,522.26,854.09,592.1,720.98,871.96,295.57,557.67,621.17,733.25,808.94,168.37,384.02,234.68,817.76,379.84,529.32,802.47,261.53,937.7,563.61,211.53,671.1,785.29,638.16,497.08,224.92,310.25,652.16,619.73,957.25,166.64,738.71,376.27,184.65,430.94,736.8,115.17,548.39,393.48,578.01,313.07
357.86,315.02,290.11,333.87,747.23,390.31,434.34,652.84,715.24,481.88,778.69,362.21,773.78,290.69,264.14,737.31,210.49,333.41,0,579.96,769.61,212.03,607.53,660.99,281.09,390.89,327.12,151.11,341.11,246.03,737.21,294.7,780.12,41.908,609.41,155.26,533.95,554.88,700.75,161.45,346.42,505.6,466.52,647.5,259.04,668.55,492.03,118.16,344.86,350.02,473.03,407.3,260.17,380.37,382.91,303.26,432.78,488.1,540.33,375.4,382.32,675.72,536.81,236.78,393.25,620.79,300.18,391.3,607.73,149.84,604.85,499.6,812.52,475.58,354.45,471.16,284.76,770.07,153.03,210.08,758.16,405.99,751.87,330.61,240.22,357.62,466.88,661.39,163.67,199.68,290.45,587.55,340.37,815.59,203.76,417.32,240.57,516.55,599.24,616.55,430.04,728.92,534.28,250.44,579.81
391.17,560.82,291.26,892.63,1316.1,655.26,741.23,831.16,1254.5,1018.3,1259.3,775.56,1322.8,535.59,778.23,1184.3,515.68,417.49,579.96,0,1258.4,733.5,88.638,1217.2,776.36,683.7,277.2,725.08,262.11,816.58,1299.7,594.47,1339.3,595.54,1156.6,425.94,66.599,883.2,1176.6,739.06,769.74,1012.8,742.24,1220.7,490.82,1175.7,362.4,474.86,821.07,897.11,1040.9,323.98,773.09,423.58,857.53,356.07,164.98,1065.2,915.77,955.35,415.82,1203.3,493.75,470.12,906.77,1195.5,879.81,859.36,1187.6,641.08,975.03,1012.8,1145,980.41,585.64,801.34,295.34,1231.4,496.61,675.14,1216.4,179.28,1309.7,899.27,605.12,766.73,1026.9,1055.6,705.51,381.03,306.57,1060.3,665.95,1349.3,538.69,842.36,407.32,395.52,831.34,1132.2,339.85,934.44,804.23,733.45,668.73
880.88,1058.5,990.95,461.14,366.4,630.56,550.76,639.09,186.88,305.81,25.759,483.71,241.78,1042.3,823.12,129,970.91,850.04,769.61,1258.4,0,560.15,1245.2,274.17,498.27,598.14,983.66,635.46,998.24,553.68,315.09,1024.2,302.74,786.87,247.67,879.28,1195.7,447.89,85.264,686.91,959.55,264.08,1140.6,394.02,767.94,109.63,974.55,882.52,894.51,754.82,674.9,956.21,824.78,1149.3,907.11,1068.2,1153.3,458.98,1100.9,552.16,868.05,151.97,898.17,788.47,376.41,410.25,601.74,919.36,511.28,643.77,352.88,271.05,380.83,879.92,691.99,495.64,994,81.805,921.53,878.7,92.658,1084.3,287.28,486.64,653.54,978.24,714.31,279.71,780.25,917.84,1033.8,198.22,1035.7,182.28,721.96,985.2,1008.5,966.38,573.33,164.76,954.27,596.43,543.11,866.01,759.16
410.16,519.17,447.98,166.79,587.67,290.96,293.49,524.85,523.65,286.57,568.16,180.96,589.77,497.84,365.72,525.44,420.38,377.7,212.03,733.5,560.15,0,740.57,483.95,71.672,274.24,457.93,116.69,473.2,128.49,567.63,492.29,606.12,236.08,423.39,324.48,677.29,379.42,489.35,195.76,489.65,297.22,644.81,498.95,280.59,462.19,539.7,322.42,455.23,383.09,439.65,481.01,364.35,592.14,485.54,508.14,607.37,359.69,673.99,288.17,416.89,477.16,531.97,283.71,184.6,477.29,244.37,496.96,495.65,92.417,409.94,292.88,617.7,534.49,295.7,308.65,448.16,558.14,365.06,369.91,546.15,554.27,576.45,186.76,176.2,505.58,452.53,457.56,279.46,366.16,478.11,375.56,523.49,621.23,212.28,545.02,448.57,550.78,457.39,412.32,492.64,580.32,387.46,383.69,505.07
365.43,627.61,318.85,904.18,1327.7,627.17,713.06,780.47,1254.5,1020.7,1244.3,761.66,1325.5,600.44,824.77,1163.8,571.29,395.4,607.53,88.638,1245.2,740.57,0,1223.6,776.43,657.43,285.42,746.03,270.37,834.14,1308.1,658.16,1345.8,628.33,1160.3,452.39,80.073,851.18,1161.9,768.81,828.46,1008,814.73,1235.6,479.74,1168,308.11,511.87,874.44,939.07,1077,291.71,819.69,498.76,911.94,418.6,229.44,1084.3,983.21,980.2,383.55,1200.5,435.19,464.31,905.94,1211.7,906.98,914.72,1211.2,648.9,946.21,1009.4,1106.2,1032.1,559.43,773.24,326.55,1212.9,543.56,725.05,1197.5,203.23,1315.9,914.62,597.29,826.99,1066.1,1028.5,745.19,408.61,356.12,1047.1,731.06,1346.6,535.85,902.83,462.6,336.81,787.81,1127.3,300.35,883.6,767.22,783.36,614.53
879.35,902.18,929.68,328.18,126.74,675.34,616.83,781.04,94.857,207.11,299.29,503.45,116.4,892.96,630.8,367.49,834.26,846.45,660.99,1217.2,274.17,483.95,1223.6,0,449.77,644.32,941.86,510.45,957.13,415.72,88.464,862.05,122.24,664.19,71.541,800.66,1161.2,572.33,288.69,533.93,760.48,252.3,945.34,119.86,751.69,195.91,997.62,779.1,686.51,536.44,426.07,953.8,633.71,1019.6,690.69,961.96,1086,221.95,874.49,342.26,877.91,126.92,954.58,761.53,325.63,137.48,411.93,702.27,239.24,576.32,505.04,242.66,615.28,639.88,718.56,579,928.68,343.84,799.44,709.04,347.16,1038,92.495,331.76,634.93,779.23,467.33,464.8,616.68,844.4,949.29,300.2,856.73,182.31,689.27,770.56,897.3,1000.1,705.36,175.21,960.59,770.63,652.79,681.63,856.83
430.06,590.52,497.33,163.33,561.8,264.31,247.53,475.6,478.55,244.54,504.67,122.28,549.1,568.81,430.59,456.69,490.67,397.14,281.09,776.36,498.27,71.672,776.43,449.77,0,241.3,499.18,183.88,514.32,166.19,536.39,563.93,571.57,307.05,384.42,381.14,717.46,315.52,424.42,261,557.7,239.35,715.63,481.17,301.93,404.72,552.24,387.55,519.39,435.26,471.64,504.15,429.61,659.87,547.98,571.67,658.89,358.31,739.28,310.92,430.69,427.12,527.07,312.58,130.42,462.86,283.24,559.69,495.77,145.5,339.72,237.57,547,587.67,285.85,251.92,499.09,491.41,433.81,440.54,478.91,598.18,541.49,195.44,185.81,574.03,489.74,385.92,348.41,420.47,535.69,308.87,594.84,572.94,240.63,610.5,513.91,558.49,404.49,357.76,511.79,522.93,334.53,451.94,476.05
293.32,692.99,458.56,403.1,766.84,32.625,58.855,263.02,645.92,441.42,594.09,142.23,724.18,664.29,620.91,507.52,581.8,266.24,390.89,683.7,598.14,274.24,657.43,644.32,241.3,0,426.51,379.85,438.85,399.61,732.71,680.2,759.89,431.11,573.35,397.53,618.02,203.78,513.15,457.13,729.18,395.96,857.11,700.19,211.02,536.25,376.4,448.17,710.07,655.4,710.29,365.73,618.51,710.31,744.05,597.48,611.74,594.42,921.42,551.73,274.29,583.74,311.42,242.61,327.13,686.25,517.29,754.59,730.93,255.58,291.47,403.17,474.38,805.3,98.26,117.99,467.08,558.17,514.44,596.13,542.5,523.65,730.14,436.64,151.53,742.46,725.58,372.07,523.5,417.47,530.97,404.25,730.82,725.01,209.11,793.99,557.95,369.34,209.32,506.42,359.65,339.27,148.94,625.92,234.75
159.27,436.55,69.581,619.77,1043.6,401.93,485.34,619.8,977.43,741.6,985.51,503.08,1046.3,404.52,565.16,914.69,346.76,171.4,327.12,277.2,983.66,457.93,285.42,941.86,499.18,426.51,0,461.12,15.269,548.72,1025.3,452.37,1064,352.78,880.28,175.3,219.36,630.17,902.89,488.32,596.95,735.84,633.97,950.58,220.63,899.18,231.84,247.43,627.72,670.08,799.96,138.37,560.32,366.52,666.68,247.2,186.26,798.94,774.4,696.01,195.37,926.11,340.38,195.9,629.58,926.47,624.04,671.69,926.29,365.66,715.91,735.65,899.43,778.47,332.25,543.95,84.161,960.04,297.88,475.39,945.38,100.76,1034.4,629.35,330.26,600.02,792.35,793.55,476.09,136.48,159.18,785.99,525.07,1072.1,262.17,673.79,252.76,268.66,601.96,855.21,168.91,719.71,561.91,531.62,477.47
453.59,424.27,433.83,185.15,596.43,391.75,405.75,636.92,567.54,338.12,646.94,297.61,623.94,406.94,249.09,618.18,336.19,423.62,151.11,725.08,635.46,116.69,746.03,510.45,183.88,379.85,461.12,0,475.96,94.959,586.12,392.55,629.15,155.55,460.68,299.48,675.55,496.08,572.68,79.385,373.87,372.89,533.96,497.51,331.2,530.6,588.97,268.87,338.7,277.35,361.11,516.11,247.67,517.99,369.59,451.83,582.31,340.12,557.3,235.68,468.95,531.36,604.41,322.4,264.63,471.35,168.79,380.86,465.18,137.56,523.4,364.61,730.14,425.69,382.13,424.6,430.2,644.89,292.16,259.05,634.4,548.08,601.02,179.52,254.88,390.15,365.71,565.86,164.75,344.38,441.31,465.22,415.75,668.45,261.28,428.34,387.61,606.54,571.51,476.91,533.6,695.87,501.89,268.06,602.85
166.64,441.97,74.594,635.01,1058.9,413.8,497.64,628.33,992.61,756.82,999.98,517.29,1061.5,410.14,577.04,928.67,354.55,181.03,341.11,262.11,998.24,473.2,270.37,957.13,514.32,438.85,15.269,475.96,0,563.78,1040.6,459.11,1079.3,366.12,895.52,188.43,204.09,642.35,917.34,502.42,606.34,750.82,639.47,965.77,234.22,914.06,230.13,259.02,638.49,682.98,813.76,138.7,572.17,366.74,677.38,248.72,175.58,813.98,782.33,710.72,201.98,941.2,342.6,210.16,644.71,941.62,638.53,682.2,941.14,380.93,728.75,750.69,911.17,790.02,343.94,556.47,88.775,974.22,307.52,486.14,959.52,86.526,1049.6,644.51,344.75,609.05,805.79,806.72,488.83,148.46,160.79,800.5,532.14,1087.2,276.98,683.13,258.13,267.55,611.96,870.21,168.96,728.71,573,542.69,483.86
525.12,505.78,525.5,94.118,502.11,418.2,412.43,641.66,474.92,250.59,567.03,288.37,529.63,491.31,286.78,548.85,424.9,493.6,246.03,816.58,553.68,128.49,834.14,415.72,166.19,399.61,548.72,94.959,563.78,0,491.19,470.58,534.19,248.86,367.4,392.16,765.4,476.79,496.57,133.38,421.83,296.23,594.89,404.34,397.58,446.47,658.18,363.83,371.12,271.1,311.5,592.15,287.03,608.74,395.21,546.28,676.22,250.27,591.07,161.43,535.93,441.64,658.51,394.75,197.71,378.93,117.95,407.37,380.68,198.04,486.14,285.85,687.16,423.35,423.96,417.79,522.57,570.34,384.94,326.1,561.1,638.57,506.11,84.582,302.09,439.68,326.03,516.4,227.44,436.89,536.01,395.98,483.95,576.11,327.14,464.27,481.76,672.04,570.66,391.77,606.92,687.92,500.71,320.4,632.37
966.34,964.18,1010.9,407.73,51.374,763.77,704.7,864.39,130.64,295.09,340.83,591.91,87.013,957.06,684.39,425.27,902.29,933.43,737.21,1299.7,315.09,567.63,1308.1,88.464,536.39,732.71,1025.3,586.12,1040.6,491.19,0,922.71,47.271,737.58,159.49,880.37,1244.6,655.93,348.93,602.57,809.02,339.7,993.22,121.17,838.25,260.52,1085.5,854.89,732.25,580.33,452.93,1040.5,687.74,1087.7,732.19,1035.6,1165.6,271.75,907.85,398.02,965.48,188.58,1043,847.29,413.61,150.57,472.76,743.21,241.5,659.71,584.4,330.58,679.12,667.91,806.91,665.88,1009.4,392.75,871.25,769.35,399.08,1120.5,33.159,406.61,721.92,827.53,494.32,538.04,680.53,924.51,1027,379.2,911.86,170.82,774.99,811.68,970.46,1088.3,789.31,252.57,1047.8,849.6,738.38,737.3,944.04
564.91,45.064,384.58,563.96,918.17,675.49,726.87,938.39,934.68,720.65,1037,655.76,978.43,59.462,248.33,1010.6,109.75,553,294.7,594.47,1024.2,492.29,658.16,862.05,563.93,680.2,452.37,392.55,459.11,470.58,922.71,0,969.35,259.98,826.45,319.46,578.42,849.58,964.44,337.82,181.46,764.05,187.09,812.56,512.63,917.02,677.49,244.32,248.87,373.56,531.82,581.98,243.91,200.15,279.04,239.64,430.79,651.46,327.03,524.83,599.01,908.58,761.97,481.54,657.15,782.42,450.63,277.58,732.91,444.05,897.12,754.84,1105.3,405.88,629.2,765.62,370.7,1037.1,174.62,153.37,1026.8,473.19,944.82,543.37,528.74,174.95,503.61,949.5,247.01,332.91,310.55,857.76,73.871,1035.6,477.96,249.35,203.05,711.28,889.51,862.21,611.54,1019.5,826.39,192.51,845.49
1000.7,1010.7,1051.3,448.83,78.958,791.41,729.11,879.48,130.31,327.89,328.11,620.46,61.254,1003.2,731.52,420.63,947.74,967.84,780.12,1339.3,302.74,606.12,1345.8,122.24,571.57,759.89,1064,629.15,1079.3,534.19,47.271,969.35,0,781.52,188.59,921.67,1283.4,672,347.37,647.71,856.29,364.33,1040.5,167.51,873.41,264.59,1117.7,898.02,779.5,627.57,499.16,1075.4,734.84,1133.2,779.32,1079.6,1207,318.75,954.3,444.82,998.6,194.86,1071.1,883.61,446.1,197.3,519.13,790.31,285.42,698.45,595.62,356.73,676.28,713.94,837.09,687.64,1050.1,383.13,915.74,815.98,391.16,1160,30.157,449.71,756.38,874.8,540.48,543.66,726.65,965.59,1069.3,391.88,958.96,139.93,811.36,858.77,1014.6,1119.2,805.45,266.46,1081.7,859.31,757.34,784.33,966.09
395.13,283.82,309.49,340.65,744.75,431.33,473.28,693.49,723.02,493.1,797.1,395.86,778.46,261.79,225.43,760.59,185.06,371.81,41.908,595.54,786.87,236.08,628.33,664.19,307.05,431.11,352.78,155.55,366.12,248.86,737.58,259.98,781.52,0,615.95,177.74,552.89,590.81,720.63,144.43,304.51,522.99,427.45,643.1,300.05,683.69,528.16,122.25,304.22,318.31,448.8,441.36,221.25,363.3,342.54,298.06,442.96,481.49,498.42,363.74,420.85,686.64,576.86,276.81,411.76,615.47,286.26,350.66,595.66,184.9,637.22,515.92,845.32,438.42,396.31,508.31,302.46,791.23,136.63,168.2,779.84,425.42,753.9,332.43,281.04,315.76,439.7,691.02,127.02,220.04,297.62,609.33,301.67,823.98,245.65,375.54,233.13,553.8,638.88,630.64,465.18,768.36,573.29,209.11,621.72
812.6,865.02,871.04,275.72,197.67,604.52,545.35,711.05,108.34,139.94,270.68,432.9,166.41,853.69,604.19,320.9,791.09,779.76,609.41,1156.6,247.67,423.39,1160.3,71.541,384.42,573.35,880.28,460.68,895.52,367.4,159.49,826.45,188.59,615.95,0,744.23,1099.5,502.35,242.32,492.36,737.55,180.78,921.8,167.52,685.8,150.62,929.11,727.47,666.96,520.73,428.55,887.44,606.62,975.68,675.09,912.17,1029.1,213.59,864.66,319.59,810.09,97.195,883.95,696.95,257.66,174.29,381.4,687.05,270.5,515.72,438.06,171.17,560.08,637.04,648.83,507.53,870.71,306.29,752.28,674.81,306.66,977.48,158.45,286.05,568.43,756.39,468.57,402.9,579.54,787.33,894.92,234.85,826.7,209.61,624.86,754.52,848.24,930.79,635.09,115.38,893.4,703.36,581.74,652.38,785.29
247.7,317.95,135.1,472.85,893.82,384.28,452.44,639.85,846.88,610.06,885.03,423.59,910.38,286.17,392.05,829.01,210.02,233.75,155.26,425.94,879.28,324.48,452.39,800.66,381.14,397.53,175.3,299.48,188.43,392.16,880.37,319.46,921.67,177.74,744.23,0,378.75,591.56,803.92,316.42,437.35,619.51,506.54,796.44,201.59,785.02,370.07,80.538,459.31,494.81,626.02,277.26,387.32,312.78,498.46,202.64,285.38,639.53,623.79,529.87,280.52,801.61,443.5,168.36,507.77,770.65,455.3,504.45,761.93,235.9,661.14,616.31,861.58,606.14,326.63,502.78,130.74,868.26,146.18,308.2,854.89,250.78,892.69,475.87,257.62,443.12,617.43,729.59,300.98,44.926,154.56,687.12,386.08,945.28,189.58,513.81,160.8,400.61,601.61,736.26,304.4,729.68,546.17,362.17,531.03
325.11,548.39,243.92,838.62,1262.5,589.32,675.36,765.19,1196,960.58,1196.2,712.36,1265.4,520.89,745.92,1119.9,491.25,351.96,533.95,66.599,1195.7,677.29,80.073,1161.2,717.46,618.02,219.36,675.55,204.09,765.4,1244.6,578.42,1283.4,552.89,1099.5,378.75,0,816.99,1113.5,694.7,748.38,952.51,736.88,1168.6,427.78,1114.6,298.1,434.84,794.63,861.3,1001,257.39,740.82,422.81,832.05,338.99,151.64,1015.1,903.87,908.3,349.31,1143.8,429.93,408.5,847.71,1144,834.04,834.77,1140,585,909.2,952.92,1078.5,952.52,519.87,735.51,250.43,1167.5,464.36,645.58,1152.4,127.97,1253.7,847.09,543.29,746.94,989.17,990.06,667.84,334.31,276.26,997.52,651.45,1289.9,478.25,822.78,382.53,332.24,764.8,1072,273.4,868.44,737.69,703.93,603.47
492.07,868.33,661.66,438.05,699.01,229.05,144.93,208.72,545.07,400.49,437.4,199.1,624.63,841.91,744.87,336.08,759.55,467.16,554.88,883.2,447.89,379.42,851.18,572.33,315.52,203.78,630.17,496.08,642.35,476.79,655.93,849.58,672,590.81,502.35,591.56,816.99,0,364.58,574.84,868.32,326.99,1016,657.53,414.1,416.41,555.46,632.46,834.13,747.89,761.79,561.15,743.62,902.56,863.34,793.81,815.52,596.33,1053.3,596.87,468.66,479.29,460.58,444.82,320,652.18,588.68,874.99,721.27,405.92,99.906,340.3,271.52,900.09,299.18,88.924,669.78,390.93,694.31,744.01,374.86,726.71,644.58,477.91,334.6,883.82,786.6,183.56,657.8,615.81,731.47,281.28,891.43,604.1,402.31,924.4,749.59,539.91,133.48,405.55,550.87,217.71,95.914,762.37,311.36
797.16,996.95,912.39,407.2,399.56,545.52,465.5,559.75,219.11,258.97,82.673,401.18,289.69,979.16,774.71,79.02,905.54,766.57,700.75,1176.6,85.264,489.35,1161.9,288.69,424.42,513.15,902.89,572.68,917.34,496.57,348.93,964.44,347.37,720.63,242.32,803.92,1113.5,364.58,0,629.7,911.57,200.56,1089.7,405.24,685.86,93.109,889.54,811.29,850.51,717.02,653.21,872.33,775.93,1081.1,866.18,996.04,1074.7,438.91,1062.2,516.76,783.73,162.85,812.98,707.27,309,415.75,557.61,878.55,512.79,569.58,271.69,210.8,330.2,850.05,607.42,410.43,915.94,74.676,853.53,822.63,68.775,1003.6,326.28,437.1,572.63,930.04,690.77,203.96,723.99,841.4,958.26,117.34,980.52,247.86,641.92,942.66,937.63,881.18,492.04,133.12,869.92,523.32,459.3,814.43,675.45
503.84,374.14,450.78,226.17,606.21,467.52,484.67,715.61,600.66,382.83,700.4,376.72,649.82,361.47,170.03,680.45,300.36,475.91,161.45,739.06,686.91,195.76,768.81,533.93,261,457.13,488.32,79.385,502.42,133.38,602.57,337.82,647.71,144.43,492.36,316.42,694.7,574.84,629.7,0,297.81,429.21,464.4,502.99,388.68,579.35,639.73,266.67,259.47,206.69,313.12,560.5,168.8,485.77,290.21,436.75,587.39,340.16,478.58,219.77,523.23,571.56,666.75,374.73,327.03,474.63,141.89,301.47,451.33,207.63,599.19,419.11,804.82,350.66,453.02,503.98,444.72,703.28,270.37,193,693.78,566.82,621.14,206.81,325.87,314.71,310.3,638.07,94.497,360.46,441.94,527.27,351.04,701.96,321.34,349.68,371.15,660.5,650.71,524.46,580.83,775.25,581.16,192.94,676.49
682.15,223.61,534.18,505.18,796.35,732.51,765.83,992.15,842.92,654.79,976.01,669.23,874.83,240.3,136.86,968.63,257.72,663.53,346.42,769.74,959.55,489.65,828.46,760.48,557.7,729.18,596.95,373.87,606.34,421.83,809.02,181.46,856.29,304.51,737.55,437.35,748.38,868.32,911.57,297.81,0,713.84,184.86,691.85,601.68,849.98,807.42,356.95,80.465,230.38,380.96,714.13,135.74,380.49,100.8,413.77,604.91,539.85,193.92,419.07,712.22,828.21,872.99,575.64,619.54,661.33,358.49,97.327,596.29,474.41,896.8,701.9,1102.6,226.34,700.63,792.8,521.68,986.14,299.1,136.6,978.13,635.12,834.85,474.59,582.37,18.84,346.74,935.31,210.52,464.51,473.63,816.61,125.71,941.01,550.1,76.873,365.97,837.63,933.04,794.79,741.68,1060.8,865.09,105.98,926.22
650.8,796.98,736.53,208.68,378.16,427.76,365.19,534.71,251.75,82.871,274.26,258.58,328.79,779.76,577.14,255.16,707.35,618.44,505.6,1012.8,264.08,297.22,1008,252.3,239.35,395.96,735.84,372.89,750.82,296.23,339.7,764.05,364.33,522.99,180.78,619.51,952.51,326.99,200.56,429.21,713.84,0,890.31,330.54,528.53,165.53,760.29,619.12,655.58,528.86,488.54,726.49,578.1,885.28,673.68,805.18,898.22,289.95,870.77,335.87,644.4,193.15,707.35,544.4,112.71,325.91,365.08,686.08,401.49,383.64,276.34,15.709,437.99,669.56,476.64,326.81,738.43,274.11,657.46,622.18,265,835.66,334.8,241.54,410.74,732.15,522.04,264.95,523.56,659.53,773.89,106.85,780.14,338.93,474.3,748.46,744.88,759.2,458.03,119.45,729.47,536.17,402.2,615.18,604.53
751.7,197.5,564.99,682.47,979.4,854.83,900.65,1118,1027.5,835.02,1156.3,818.39,1059.6,229.44,318.29,1143.7,296.76,740.08,466.52,742.24,1140.6,644.81,814.73,945.34,715.63,857.11,633.97,533.96,639.47,594.89,993.22,187.09,1040.5,427.45,921.8,506.54,736.88,1016,1089.7,464.4,184.86,890.31,0,875.38,698.05,1031.2,861.98,430.68,261.24,413.27,557.75,766.4,316.28,319.26,267.29,403.14,585.44,724.62,188.83,603.81,785.98,1011.7,948.89,667.49,791.23,844.91,541.52,258.2,776.46,611.3,1054.7,879.09,1262.5,372.77,811.97,935.11,550.7,1164,361.28,275.16,1155.3,643.52,1019.4,654.18,705.85,166.12,520.74,1099.8,370.63,519.16,484.17,990.82,126.32,1125.8,659.78,194.4,381.35,896.43,1065.7,975.96,796.28,1195.4,1000.7,275.24,1030.8
907.42,854.99,929.77,332.54,105.63,729.27,681.2,864.97,211.53,262.57,419.15,558.07,201.64,849.78,570.36,484.26,799.4,874.64,647.5,1220.7,394.02,498.95,1235.6,119.86,481.17,700.19,950.58,497.51,965.77,404.34,121.17,812.56,167.51,643.1,167.52,796.44,1168.6,657.53,405.24,502.99,691.85,330.54,875.38,0,777.81,312.14,1032.9,763.35,614.15,462.11,331.78,979.49,573.96,984.01,612.71,939.5,1079.8,163.33,786.81,289.14,910.79,245.77,1004.2,782.62,373.07,30.524,366.71,623.56,124.17,588.32,600.79,317.42,727.36,546.74,763.66,651.12,926.9,463.06,773.35,659.63,465.8,1042.3,151.68,321.54,665.46,710.19,373.15,569.83,574.67,841.2,937.82,400.59,797.84,282.66,710.92,691.96,873.95,1039.7,788.13,282.76,989.81,864.66,730.21,624.32,924.06
129.69,516.33,247.6,447.02,862.6,191.07,269.5,439.08,776.58,545.87,768.52,284.74,849.32,485.23,521.94,694.8,405.76,97.111,259.04,490.82,767.94,280.59,479.74,751.69,301.93,211.02,220.63,331.2,234.22,397.58,838.25,512.63,873.41,300.05,685.8,201.59,427.78,414.1,685.86,388.68,601.68,528.53,698.05,777.81,0,688.36,260.61,268.65,603.9,594.17,692.3,202.39,518.2,509.77,641.87,392.75,403.02,639.96,794.77,558,138.54,721.31,279.62,33.725,428.94,757.09,498.72,650.33,775.12,199.72,496.52,530.31,685.26,729.95,127.09,326.31,256.07,741.01,338.47,465.29,726.15,320.64,843.3,466.61,118.01,611.24,695.59,573.25,420.36,212.24,321.52,569.75,573.69,867.37,70.613,674.62,360.65,275.67,405.03,647.64,212.17,531.18,354.95,509.15,332.87
807.1,952.05,901.56,353.22,310.22,568.85,495.48,620.64,134.28,197.02,127.98,409.12,211.21,936.63,713.61,172.12,866.72,775.29,668.55,1175.7,109.63,462.19,1168,195.91,404.72,536.25,899.18,530.6,914.06,446.47,260.52,917.02,264.59,683.69,150.62,785.02,1114.6,416.41,93.109,579.35,849.98,165.53,1031.2,312.14,688.36,0,909.71,783.28,784.91,645.75,570.54,882.89,715.3,1046.9,797.72,969.56,1063.4,354.72,991.87,443.28,797.77,72.005,844.69,706.1,277.64,323.04,492.11,809.99,420.93,549.17,333.53,169.39,420.35,772.8,624.9,446.1,903.66,156.15,819.31,770.49,156.05,999.36,240.76,377.57,571.46,868.68,609.23,279.12,672.21,825.04,939.37,136.67,927.09,190.33,637.11,875.69,908.62,905.17,548.71,55.301,883.69,595.37,506.84,756.83,721.07
135.93,665.31,301.22,704.97,1113.4,344.03,426.22,472.4,1012,790.51,970.32,502.36,1088.1,632.99,753.04,881.03,569.02,165.39,492.03,362.4,974.55,539.7,308.11,997.62,552.24,376.4,231.84,588.97,230.13,658.18,1085.5,677.49,1117.7,528.16,929.11,370.07,298.1,555.46,889.54,639.73,807.42,760.29,861.98,1032.9,260.61,909.71,0,450.5,826.46,840.59,949.03,95.577,748.68,596.74,865.55,478.7,372.45,899.39,992.54,818.4,122.81,952.42,132.03,266.62,671.98,1013.5,757.49,872.24,1035.1,460.24,653.58,764.88,801.84,966.58,284.85,484.82,315.82,932.94,512.28,677.12,917.12,270.23,1087.6,726.34,367.55,812.98,949.68,737.2,654.93,346.18,390.66,779.92,748.52,1096.3,331.08,883.86,482.5,38.424,481.51,875.95,66.119,575.59,466.55,729.15,307.26
327.64,248.43,194.49,452.01,864,439.4,499.5,700.22,833.08,598.96,890.52,451.14,891.94,218.08,318.1,843.53,137.26,312.2,118.16,474.86,882.52,322.42,511.87,779.1,387.55,448.17,247.43,268.87,259.02,363.83,854.89,244.32,898.02,122.25,727.47,80.538,434.84,632.46,811.29,266.67,356.95,619.12,430.68,763.35,268.65,783.28,450.5,0,381.21,427.53,566.51,357.3,313.2,274.92,420.3,186.37,320.75,602.57,543.37,485.9,359.73,792.67,522.45,237.25,506.42,736.12,408.51,425.85,717.91,245.06,693.64,613.95,898.5,531.06,388.13,544.94,185.51,878.95,69.829,229.28,866.45,308.7,869.87,448.35,299.71,362.59,554.37,756.6,233.36,111.05,175.46,696.36,308.18,933.25,240.18,433.49,126.37,481.14,656.32,732.03,384.74,785.79,596.8,284.56,601.39
696.36,293.21,569.24,447.69,718.17,716.91,741.68,971.42,770.96,592.01,911.97,636.19,799.92,305,89.778,910.71,305.45,674.69,344.86,821.07,894.51,455.23,874.44,686.51,519.39,710.07,627.72,338.7,638.49,371.12,732.25,248.87,779.5,304.22,666.96,459.31,794.63,834.13,850.51,259.47,80.465,655.58,261.24,614.15,603.9,784.91,826.46,381.21,0,152.04,300.52,735.76,91.728,448.86,39.154,467.81,656.25,464.95,220.46,347.4,723.77,759.37,881.02,581.01,567.34,583.68,293.22,46.441,516.54,454.88,854.67,642.85,1057.8,160.1,692.21,763.19,557.85,925.18,333.3,152.36,917.95,676.22,758.74,414.23,568.94,97.568,266.37,887.52,187.87,491.99,518.37,760.3,202.88,867.93,546.09,93.31,413.81,854.3,908.49,730.03,761.76,1034,839.32,97.338,918.59
705.28,418.45,621.89,327.98,566.23,668.7,676.44,907.6,622.75,458.42,773.63,557.34,648.95,422.11,127.39,781.79,397.17,678.71,350.02,897.11,754.82,383.09,939.07,536.44,435.26,655.4,670.08,277.35,682.98,271.1,580.33,373.56,627.57,318.31,520.73,494.81,861.3,747.89,717.02,206.69,230.38,528.86,413.27,462.11,594.17,645.75,840.59,427.53,152.04,0,158.29,757.29,132.32,566.2,154.57,558.86,735.91,314.51,346.12,202.78,726.77,615.03,872.99,578.38,453.75,431.64,165.98,166.41,366.64,412.92,753.55,514.94,949.53,152.42,658.54,687.04,613.02,791.37,401.14,233.89,785.41,736.08,607.06,290.08,531.17,248.48,133.16,775.87,194.4,535.1,590.71,635.47,343.73,718.41,527.7,234.33,497.11,863.25,838.68,591.72,779.6,958.17,768.6,182.26,880.2
813.24,576.74,758.17,323.96,430.46,729.61,718.9,943.73,518.96,407.85,696.7,590.27,530.08,580.17,285.12,725.82,551.78,783.95,473.03,1040.9,674.9,439.65,1077,426.07,471.64,710.29,799.96,361.11,813.76,311.5,452.93,531.82,499.16,448.8,428.55,626.02,1001,761.79,653.21,313.12,380.96,488.54,557.75,331.78,692.3,570.54,949.03,566.51,300.52,158.29,0,872.58,289.92,723.94,290.54,711.24,882.58,216,455.3,164.98,829.84,525.75,963.8,682.49,444.57,302.62,196.37,300.15,220.81,496.26,746.46,473.08,925.82,215.19,733.82,716.25,750.7,724.69,549.22,390.46,721.67,873.93,482.78,284.52,609.22,397.95,41.505,751.57,336.16,668.83,736.29,593.09,499.58,606.62,622.35,367.21,647.98,967.48,869.86,520.92,891.91,978.85,801.03,340.41,943.73
75.799,569.79,207.03,647.8,1065,335.59,421.58,513.07,976.4,747.59,954.48,474.19,1050.1,537.45,664.73,872.32,473.66,108.09,407.3,323.98,956.21,481.01,291.71,953.8,504.15,365.73,138.37,516.11,138.7,592.15,1040.5,581.98,1075.4,441.36,887.44,277.26,257.39,561.15,872.33,560.5,714.13,726.49,766.4,979.49,202.39,882.89,95.577,357.3,735.76,757.29,872.58,0,660.23,504.81,774.9,385.52,297.19,838.7,898.03,749.71,92.49,919.64,204.85,197.93,630.07,958.27,684.76,781.21,972.34,395.17,655.09,729.26,821.11,878.87,267.74,481.81,221.61,921.84,417.7,585.31,906.39,194.3,1045.2,665.32,319.01,719.23,870.7,737.04,568.38,251.29,297.53,758.66,653.16,1065.3,268.73,790.76,387.17,130.94,508.22,844.77,30.571,615.75,480.39,638.44,358.02
616.29,288.37,506.54,369.43,679.48,625.72,649.96,879.72,713.18,519.58,840.92,545.28,749.25,290.34,5.1641,832.92,266.21,593.01,260.17,773.09,824.78,364.35,819.69,633.71,429.61,618.51,560.32,247.67,572.17,287.03,687.74,243.91,734.84,221.25,606.62,387.32,740.82,743.62,775.93,168.8,135.74,578.1,316.28,573.96,518.2,715.3,748.68,313.2,91.728,132.32,289.92,660.23,0,434.04,126.15,429.1,610.12,416.19,309.78,291.56,642.03,695.59,796.85,496.92,484.65,543.54,225.51,136.24,489.49,363.54,766.64,566.16,971.09,218.92,602.48,671.85,496.4,850.48,276.79,101.99,842.41,618.05,711.87,339.1,478.34,154.12,265.21,802.25,98.331,423.85,466.72,681.03,224.14,812.43,458.22,180.91,368.89,774.9,816.79,660.05,685.01,942.51,747.67,51.439,828.7
514.3,156.88,299.36,702.13,1088.7,696.61,764.96,948.46,1083.5,856.08,1158.9,725.63,1135.3,144.92,438.89,1116.5,185.44,514.16,380.37,423.58,1149.3,592.14,498.76,1019.6,659.87,710.31,366.52,517.99,366.74,608.74,1087.7,200.15,1133.2,363.3,975.68,312.78,422.81,902.56,1081.1,485.77,380.49,885.28,319.26,984.01,509.77,1046.9,596.74,274.92,448.86,566.2,723.94,504.81,434.04,0,479.09,121.45,271.56,820.78,498.34,695.15,551.37,1049.3,705.69,476.05,773.27,954.63,617.3,477.31,915.18,519.51,967.47,878.69,1171,605.89,636.66,814.1,285.17,1150.3,227.83,334.16,1138.2,345.44,1106.8,689.84,567.97,372.12,698.39,1031.4,409.57,297.9,207.91,967.68,260.18,1184.8,501.95,443.72,152.97,634.29,913.54,993.94,535.29,1040.8,858.92,384.11,826.53
735.27,322.47,607.89,467.31,715.47,751.7,774.26,1004.6,777.31,607.22,925.33,666.25,802.57,336.6,123.36,928.38,341.89,713.43,382.91,857.53,907.11,485.54,911.94,690.69,547.98,744.05,666.68,369.59,677.38,395.21,732.19,279.04,779.32,342.54,675.09,498.46,832.05,863.34,866.18,290.21,100.8,673.68,267.29,612.71,641.87,797.72,865.55,420.3,39.154,154.57,290.54,774.9,126.15,479.09,0,503.3,692.61,468.76,197.28,356.24,762.52,768.97,919.4,619.34,589.36,582.43,308.94,12.4,510.01,489.45,880.72,660.47,1082.3,126.85,728.5,794.08,596.39,940.78,371.73,191.29,934.11,714.32,759.69,432.22,604.49,114.07,253.53,910.89,224.01,531.04,555.82,779.29,226.51,872.78,583.33,79.869,450.55,893.29,940.7,743.24,800.88,1065.5,871.27,136.47,954.77
392.87,210.01,178.91,636.45,1042,581.86,653.5,830.06,1018.4,785.02,1075.8,624.84,1075.8,181.91,434.25,1025.7,163.75,392.89,303.26,356.07,1068.2,508.14,418.6,961.96,571.67,597.48,247.2,451.83,248.72,546.28,1035.6,239.64,1079.6,298.06,912.17,202.64,338.99,793.81,996.04,436.75,413.77,805.18,403.14,939.5,392.75,969.56,478.7,186.37,467.81,558.86,711.24,385.52,429.1,121.45,503.3,0,191.53,776.89,565.01,655.3,429.93,978.81,584.93,359.15,692.48,911.32,576.63,504.52,883.99,427.14,863.63,800.2,1064.1,627.84,519.83,704.94,164.52,1062.7,166.86,327.82,1049.9,240.55,1051.9,630.28,460.24,410.69,691.65,931.21,378.22,180.69,88.051,880.41,312.47,1118.8,391.51,486.36,65.605,515.8,797.67,918.4,416.08,923.8,745.22,385.01,705.53
340.52,398.76,162.33,758.21,1178.3,587.84,670.6,802.53,1130.9,893.85,1156.9,679.29,1195.4,372.36,615.28,1091.6,350.81,356.57,432.78,164.98,1153.3,607.37,229.44,1086,658.89,611.74,186.26,582.31,175.58,676.22,1165.6,430.79,1207,442.96,1029.1,285.38,151.64,815.52,1074.7,587.39,604.91,898.22,585.44,1079.8,403.02,1063.4,372.45,320.75,656.25,735.91,882.58,297.19,610.12,271.56,692.61,191.53,0,920.87,754.38,806.28,374.36,1083.9,499.06,375.01,788.1,1053.4,729.18,694.38,1038.5,516.35,899.54,896.24,1085.4,815.76,518.35,728.66,159.8,1134.9,334.77,511.23,1120.7,103.18,1178.1,760.38,505.1,602.15,866.9,975.8,546.44,241.8,146.45,957.36,503.01,1228.5,434.06,677.86,242.73,410.68,787.51,1016.5,323.88,903.5,748.17,569.43,653.73
769.26,693.35,773.93,196.21,268.02,620.24,587.01,794.55,309.95,207.1,480.71,457.03,335.06,687.31,412.94,513.18,636.08,737,488.1,1065.2,458.98,359.69,1084.3,221.95,358.31,594.42,798.94,340.12,813.98,250.27,271.75,651.46,318.75,481.49,213.59,639.53,1015.1,596.33,438.91,340.16,539.85,289.95,724.62,163.33,639.96,354.72,899.39,602.57,464.95,314.51,216,838.7,416.19,820.78,468.76,776.89,920.87,0,654.05,126.69,776.58,310.66,884.7,640.77,280.16,134.51,203.49,480.36,137.49,443.65,562.49,274.27,726.04,423.61,643.81,569.17,770.27,509.47,610.49,498.19,507.01,887.91,295.75,173.44,533.87,558.53,255.38,554.5,411.63,684.44,777.65,388.76,640.27,404.05,570.73,548.62,711.3,909.85,717.85,306.02,851.64,812.93,653.18,465.58,827.03
870.78,355.64,708.34,664.59,885.53,925.61,956.35,1184.1,964,803.3,1119.7,854.84,982.97,383.15,308.69,1125.3,427.78,853.67,540.33,915.77,1100.9,673.99,983.21,874.49,739.28,921.42,774.4,557.3,782.33,591.07,907.85,327.03,954.3,498.42,864.66,623.79,903.87,1053.3,1062.2,478.58,193.92,870.77,188.83,786.81,794.77,991.87,992.54,543.37,220.46,346.12,455.3,898.03,309.78,498.34,197.28,565.01,754.38,654.05,0,548.76,901.98,959.96,1063.8,768.09,786.29,757.31,505.79,184.89,674.38,666.03,1075.1,857.46,1278.1,242.64,894.53,980.67,694.9,1136.7,480.33,330.38,1130.4,800.2,937.15,629.4,775.69,183.53,414.22,1107.3,398.97,646.78,637.47,976.51,253.22,1056.7,743.99,128.97,529.55,1024.1,1123.6,937.8,926.48,1250.4,1055,295.51,1120.1
684.47,566.66,664.97,158.99,394.36,573,556.8,779.7,423.96,260.11,571.24,427.15,457.69,560.76,288.58,584.13,510.98,653.37,375.4,955.35,552.16,288.17,980.2,342.26,310.92,551.73,696.01,235.68,710.72,161.43,398.02,524.83,444.82,363.74,319.59,529.87,908.3,596.87,516.76,219.77,419.07,335.87,603.81,289.14,558,443.28,818.4,485.9,347.4,202.78,164.98,749.71,291.56,695.15,356.24,655.3,806.28,126.69,548.76,0,696.51,412.76,819.66,553.48,280.79,259.54,78.711,368.34,232.38,358.29,583.99,321.04,768.7,334.51,583.66,551.96,660.07,590.7,488.47,371.52,585.42,780.4,421,119.72,463.27,437.88,191.39,593.97,285.63,574.65,661.35,442.49,515.12,522,487.41,435.33,589.72,833.03,705.42,389.58,765.74,813.87,636.87,340.09,786.28
37.125,593.62,254.4,582.24,992.35,243.68,329.5,428.47,895.6,670.88,865.56,388.69,970.71,561.27,646.14,781.59,489.26,49.083,382.32,415.82,868.05,416.89,383.55,877.91,430.69,274.29,195.37,468.95,201.98,535.93,965.48,599.01,998.6,420.85,810.09,280.52,349.31,468.66,783.73,523.23,712.22,644.4,785.98,910.79,138.54,797.77,122.81,359.73,723.77,726.77,829.84,92.49,642.03,551.37,762.52,429.93,374.36,776.58,901.98,696.51,0,837.31,163.02,148.54,552.51,891.09,636.94,770.05,912.37,338.22,562.79,648.14,729.28,857.77,176.92,389.69,267.82,831.67,426.68,578.22,816.12,274.4,968.44,603.54,245.35,719.61,832.01,644.93,545.97,268.4,344.86,671.21,666.55,982.26,209.15,787.51,417.94,137.65,418.62,761.56,86.222,530.1,388.43,627.07,282.11
843.95,945.69,923.33,347.62,238.22,616.06,547.25,685.77,65.79,193.86,175.97,450.08,145.43,932.49,693.43,241.18,866.33,811.58,675.72,1203.3,151.97,477.16,1200.5,126.92,427.12,583.74,926.11,531.36,941.2,441.64,188.58,908.58,194.86,686.64,97.195,801.61,1143.8,479.29,162.85,571.56,828.21,193.15,1011.7,245.77,721.31,72.005,952.42,792.67,759.37,615.03,525.75,919.64,695.59,1049.3,768.97,978.81,1083.9,310.66,959.96,412.76,837.31,0,894.55,736.38,296.75,259.73,470.15,781.04,360.06,567.59,400.84,191.1,491.97,733.85,668.06,501.44,924.33,217.3,823.23,758.73,220.26,1025.3,169.79,365.21,603.38,847.03,565.75,350.09,661.79,843.23,954.81,198.12,912.95,146.17,665.63,848.08,916.2,950.23,612.48,77.416,922.52,664.5,567.02,739.84,778.92
197.41,755.9,406.32,688.59,1075.7,279.65,349.41,348.79,957.15,749.79,891.07,451.13,1035.6,723.49,800.71,794.88,652.21,210.33,536.81,493.75,898.17,531.97,435.19,954.58,527.07,311.42,340.38,604.41,342.6,658.51,1043,761.97,1071.1,576.86,883.95,443.5,429.93,460.58,812.98,666.75,872.99,707.35,948.89,1004.2,279.62,844.69,132.03,522.45,881.02,872.99,963.8,204.85,796.85,705.69,919.4,584.93,499.06,884.7,1063.8,819.66,163.02,894.55,0,300.08,632.93,987.92,767.89,927.44,1022.2,467.68,560.46,714.35,689.71,1009.6,241.29,402.56,420.54,848.77,589.68,738.01,832.72,395.94,1041.2,715.87,356.42,880.93,970.11,644.12,699.41,430.56,497.78,710.17,829.56,1034.4,345.41,947.7,578.2,98.632,368.45,817.15,176.01,450.97,366.39,785.08,180.88
131.26,484.19,217.22,450.43,869.88,223.86,300.69,472.77,790.16,557.11,789.92,307.18,861.59,452.91,500.84,718.98,374.02,101.49,236.78,470.12,788.47,283.71,464.31,761.53,312.58,242.61,195.9,322.4,210.16,394.75,847.29,481.54,883.61,276.81,696.95,168.36,408.5,444.82,707.27,374.73,575.64,544.4,667.49,782.62,33.725,706.1,266.62,237.25,581.01,578.38,682.49,197.93,496.92,476.05,619.34,359.15,375.01,640.77,768.09,553.48,148.54,736.38,300.08,0,441.67,760.95,491.04,627.44,774.56,197.31,525.29,545.3,716.24,710.95,160.75,356.56,224.98,764.15,307.06,439.68,749.5,296.61,853.59,467.4,135,584.62,683.85,600.83,399.82,178.57,288.77,590.55,543.7,882.55,72.301,649.38,327.02,285.82,438.55,663.81,212.29,564.87,387.76,485.35,364.27
555.06,688.63,626.99,126.52,443.43,356.34,310.95,514.54,348.55,118.53,385.61,185.07,420.38,670.34,484.29,354.05,596.58,522.26,393.25,906.77,376.41,184.6,905.94,325.63,130.42,327.13,629.58,264.63,644.71,197.71,413.61,657.15,446.1,411.76,257.66,507.77,847.71,320,309,327.03,619.54,112.71,791.23,373.07,428.94,277.64,671.98,506.42,567.34,453.75,444.57,630.07,484.65,773.27,589.36,692.48,788.1,280.16,786.29,280.79,552.51,296.75,632.93,441.67,0,359.54,287.95,601.68,411.84,272.24,303.77,108.54,495.78,601.86,394.24,289.18,628.35,380.47,545.47,519.34,369.79,728.59,415.94,166.14,311.2,637.37,472.13,322.38,421.36,548.37,661.96,200.85,677.33,442.53,370.17,660.65,632.23,674.77,437.99,228.59,635.74,537.7,373.02,517.61,553.52
886.78,824.94,904.39,310.52,135.95,714.74,669.52,858.54,231.68,253.47,434.98,544.51,228.67,819.96,539.93,494.62,770.2,854.09,620.79,1195.5,410.25,477.29,1211.7,137.48,462.86,686.25,926.47,471.35,941.62,378.93,150.57,782.42,197.3,615.47,174.29,770.65,1144,652.18,415.75,474.63,661.33,325.91,844.91,30.524,757.09,323.04,1013.5,736.12,583.68,431.64,302.62,958.27,543.54,954.63,582.43,911.32,1053.4,134.51,757.31,259.54,891.09,259.73,987.92,760.95,359.54,0,337.44,593.32,101.77,565.66,599.48,312.05,733.51,517.75,746.94,641.74,901.26,476.47,744.98,629.58,478.27,1017.4,180.19,297.12,645.97,679.69,344.07,572.62,545.16,815.49,910.89,402.49,767.38,308.23,689.54,661.74,845.74,1021.1,781.51,289.26,969.24,861.83,722.09,593.95,912.43
622.28,491.58,590.28,162.01,471.5,535.21,530.19,758.8,488.46,298.86,618.88,404.88,528.21,484.4,223.29,619.5,432.77,592.1,300.18,879.81,601.74,244.37,906.98,411.93,283.24,517.29,624.04,168.79,638.53,117.95,472.76,450.63,519.13,286.26,381.4,455.3,834.04,588.68,557.61,141.89,358.49,365.08,541.52,366.71,498.72,492.11,757.49,408.51,293.22,165.98,196.37,684.76,225.51,617.3,308.94,576.63,729.18,203.49,505.79,78.711,636.94,470.15,767.89,491.04,287.95,337.44,0,321.33,309.44,300.87,589.11,351.68,783.69,314.54,537.53,533.72,584.85,632.27,409.78,297.36,625.35,706.08,494.26,124.45,412.87,377.27,208.33,609.91,208.22,499.85,583.83,471.19,445.78,588.36,428.32,385.06,511.06,774.37,687.08,437.08,702.39,802.32,617.31,271.07,749.37
742.47,320.48,612.24,479.69,726.09,761.96,785.21,1015.4,789.1,619.59,937.61,677.74,813.94,335.7,133.69,940.78,343.99,720.98,391.3,859.36,919.36,496.96,914.72,702.27,559.69,754.59,671.69,380.86,682.2,407.37,743.21,277.58,790.31,350.66,687.05,504.45,834.77,874.99,878.55,301.47,97.327,686.08,258.2,623.56,650.33,809.99,872.24,425.85,46.441,166.41,300.15,781.21,136.24,477.31,12.4,504.52,694.38,480.36,184.89,368.34,770.05,781.04,927.44,627.44,601.68,593.32,321.33,0,520.05,499.76,892.77,672.87,1094.5,129.02,738.1,805.42,600.57,953.14,375.86,196.58,946.49,717.83,770.84,444.62,614.43,109.04,262.59,923.15,233.58,536.36,558.65,791.69,222.6,884.41,592.37,68.497,452.79,900.29,951.76,755.53,807.41,1076.7,882.38,143.19,964.44
903.99,776.85,897.01,333.59,212.2,757.17,721.52,923.58,333.38,321.92,535.81,592.34,325.03,775.54,485.31,591.2,734.09,871.96,607.73,1187.6,511.28,495.65,1211.2,239.24,495.77,730.93,926.29,465.18,941.14,380.68,241.5,732.91,285.42,595.66,270.5,761.93,1140,721.27,512.79,451.33,596.29,401.49,776.46,124.17,775.12,420.93,1035.1,717.91,516.54,366.64,220.81,972.34,489.49,915.18,510.01,883.99,1038.5,137.49,674.38,232.38,912.37,360.06,1022.2,774.56,411.84,101.77,309.44,520.05,0,577.26,677.84,386.46,824.11,432.19,781.29,700.63,892.29,575.76,717.28,583.08,576.84,1012.2,273.58,308.89,670.64,613.99,260.86,658.67,508.17,806.77,893.26,488.57,709.62,406.71,705.39,587.61,818.63,1046.3,846.54,383.1,986.2,935.44,783.65,540.88,962.66
327.16,464.81,356.17,255.87,678.88,262.27,291.88,518.11,615.36,378.39,650.1,212.41,682.07,440,366.12,598.92,358.85,295.57,149.84,641.08,643.77,92.417,648.9,576.32,145.5,255.58,365.66,137.56,380.93,198.04,659.71,444.05,698.45,184.9,515.72,235.9,585,405.92,569.58,207.63,474.41,383.64,611.3,588.32,199.72,549.17,460.24,245.06,454.88,412.92,496.26,395.17,363.54,519.51,489.45,427.14,516.35,443.65,666.03,358.29,338.22,567.59,467.68,197.31,272.24,565.66,300.87,499.76,577.26,0,455.33,380.71,662.79,558.27,245.63,323.81,356.79,635.62,297.25,343.3,622.75,461.86,668.81,270.46,118.31,488.2,502.7,513.86,267.93,276.12,390.4,453.45,486.06,712.33,129.17,538.43,370.91,474.9,458.89,500.83,409.12,587.35,391.62,370.52,468.99
584.17,919.81,742.32,429.7,630.32,319.94,233.86,288.64,466.2,357.25,340.73,243.28,544.53,895.32,767.24,237.06,814.08,557.67,604.85,975.03,352.88,409.94,946.21,505.04,339.72,291.47,715.91,523.4,728.75,486.14,584.4,897.12,595.62,637.22,438.06,661.14,909.2,99.906,271.69,599.19,896.8,276.34,1054.7,600.79,496.52,333.53,653.58,693.64,854.67,753.55,746.46,655.09,766.64,967.47,880.72,863.63,899.54,562.49,1075.1,583.99,562.79,400.84,560.46,525.29,303.77,599.48,589.11,892.77,677.84,455.33,0,291.45,208.24,903.65,389.39,173.69,749.38,292.29,751.3,779.85,276.26,814.22,569.67,469.65,404.3,913.37,775.35,83.856,688.08,689.36,806.86,205.28,932.66,516.43,475.07,946.98,815.18,638.97,220.52,331.85,646.34,265.59,195.3,791.27,408.95
653.67,788.28,734.86,196.82,367.83,434.7,374.17,547.56,247.46,67.175,282.41,264.29,323.3,771.53,565.1,267.95,699.87,621.17,499.6,1012.8,271.05,292.88,1009.4,242.66,237.57,403.17,735.65,364.61,750.69,285.85,330.58,754.84,356.73,515.92,171.17,616.31,952.92,340.3,210.8,419.11,701.9,15.709,879.09,317.42,530.31,169.39,764.88,613.95,642.85,514.94,473.08,729.26,566.16,878.69,660.47,800.2,896.24,274.27,857.46,321.04,648.14,191.1,714.35,545.3,108.54,312.05,351.68,672.87,386.46,380.71,291.45,0,453.63,654.99,481.96,337.44,736.44,284.89,650.93,611.95,276.33,835.17,326.98,228.63,412.34,720.26,506.73,280.66,513.3,656.82,770.49,121.46,769.78,337.26,474.69,735.6,739.41,764.54,470.75,120.24,732.88,550.5,413.97,603.87,614.52
755.91,1127.5,932.86,621.88,729.64,497.53,415.76,352.66,549.2,520.26,358.14,450.4,617.14,1102.7,971.44,255.82,1021.2,733.25,812.52,1145,380.83,617.7,1106.2,615.28,547,474.38,899.43,730.14,911.17,687.16,679.12,1105.3,676.28,845.32,560.08,861.58,1078.5,271.52,330.2,804.82,1102.6,437.99,1262.5,727.36,685.26,420.35,801.84,898.5,1057.8,949.53,925.82,821.11,971.09,1171,1082.3,1064.1,1085.4,726.04,1278.1,768.7,729.28,491.97,689.71,716.24,495.78,733.51,783.69,1094.5,824.11,662.79,208.24,453.63,0,1097,567.23,360.25,941.15,299.4,957.68,987.5,288.34,994.42,656.19,660.76,603.99,1119.5,958.11,174.74,894.88,886.93,1002.9,337.72,1140.8,563.11,672.95,1150.6,1018.2,780.15,321.5,444.7,807.33,269,340.87,997.47,514.67
833.27,449.19,722.93,475.39,643.86,817.34,827.97,1059.3,731.7,594.61,900.46,709.7,745.2,463.39,214.3,918.52,465.12,808.94,475.58,980.41,879.92,534.49,1032.1,639.88,587.67,805.3,778.47,425.69,790.02,423.35,667.91,405.88,713.94,438.42,637.04,606.14,952.52,900.09,850.05,350.66,226.34,669.56,372.77,546.74,729.95,772.8,966.58,531.06,160.1,152.42,215.19,878.87,218.92,605.89,126.85,627.84,815.76,423.61,242.64,334.51,857.77,733.85,1009.6,710.95,601.86,517.75,314.54,129.02,432.19,558.27,903.65,654.99,1097,0,803.35,839.39,712.2,923.45,489.01,307.13,918.82,832.34,697.93,436.26,676.41,237.45,173.7,922.69,311.96,642.01,676.47,776.38,351.41,821.18,666.37,179.68,573.09,991.99,990.82,720.6,903.33,1110.6,920.74,248.97,1027.1
195.07,636.51,369.65,447.9,837.68,70.134,155.66,313.29,728.35,512.2,689.03,218.12,805.19,606.16,605.57,604.76,525.09,168.37,354.45,585.64,691.99,295.7,559.43,718.56,285.85,98.26,332.25,382.13,343.94,423.96,806.91,629.2,837.09,396.31,648.83,326.63,519.87,299.18,607.42,453.02,700.63,476.64,811.97,763.66,127.09,624.9,284.85,388.13,692.21,658.54,733.82,267.74,602.48,636.66,728.5,519.83,518.35,643.81,894.53,583.66,176.92,668.06,241.29,160.75,394.24,746.94,537.53,738.1,781.29,245.63,389.39,481.96,567.23,803.35,0,215.7,379.35,654.75,457.22,564.5,639.2,427.68,807.05,476.34,127.37,712.07,743.9,470.3,504.53,339.31,447.51,495.99,686.19,811.61,152.47,770.15,486.79,282.59,278.12,591.37,262.84,404.14,230.8,601.82,226.41
410.51,783,573.65,393.95,704.97,146.33,60.245,227.92,566.14,388.68,488.98,129.71,645.81,756.03,673.47,396.34,673.51,384.02,471.16,801.34,495.64,308.65,773.24,579,251.92,117.99,543.95,424.6,556.47,417.79,665.88,765.62,687.64,508.31,507.53,502.78,735.51,88.924,410.43,503.98,792.8,326.81,935.11,651.12,326.31,446.1,484.82,544.94,763.19,687.04,716.25,481.81,671.85,814.1,794.08,704.94,728.66,569.17,980.67,551.96,389.69,501.44,402.56,356.56,289.18,641.74,533.72,805.42,700.63,323.81,173.69,337.44,360.25,839.39,215.7,0,581.53,448.82,607.71,665.42,432.9,641.5,658.8,432.33,246.19,807.69,737.6,255.24,582.65,526.89,642.67,309.92,809.82,636.42,313.43,851.8,661.14,473.23,153.71,424.55,473.93,271.82,85.031,687.21,278.46
230.7,353.2,14.604,601.65,1023.8,446.41,525.45,680.92,971.81,734.74,998.02,523.05,1037.1,321.36,501.4,934.72,267.37,234.68,284.76,295.34,994,448.16,326.55,928.68,499.09,467.08,84.161,430.2,88.775,522.57,1009.4,370.7,1050.1,302.46,870.71,130.74,250.43,669.78,915.94,444.72,521.68,738.43,550.7,926.9,256.07,903.66,315.82,185.51,557.85,613.02,750.7,221.61,496.4,285.17,596.39,164.52,159.8,770.27,694.9,660.07,267.82,924.33,420.54,224.98,628.35,901.26,584.85,600.57,892.29,356.79,749.38,736.44,941.15,712.2,379.35,581.53,0,977.11,224.71,405.94,963.07,123.33,1020.9,605.98,349.29,523.54,739.57,823.42,418.86,85.826,77.377,798.61,443.94,1069.1,277.69,598.24,169.36,352.35,655.96,856.69,252.17,778.24,609.82,463.5,547.34
847.46,1069.1,972.91,481.55,444.12,589.91,506.74,572.22,262.67,333.56,58.829,456.97,322.51,1050.7,849.29,55.627,976.27,817.76,770.07,1231.4,81.805,558.14,1212.9,343.84,491.41,558.17,960.04,644.89,974.22,570.34,392.75,1037.1,383.13,791.23,306.29,868.26,1167.5,390.93,74.676,703.28,986.14,274.11,1164,463.06,741.01,156.15,932.94,878.95,925.18,791.37,724.69,921.84,850.48,1150.3,940.78,1062.7,1134.9,509.47,1136.7,590.7,831.67,217.3,848.77,764.15,380.47,476.47,632.27,953.14,575.76,635.62,292.29,284.89,299.4,923.45,654.75,448.82,977.11,0,923.06,896.27,16.073,1060.7,366.27,511.73,630.57,1004.6,762.75,212.88,797.66,904.58,1022.1,182.65,1054.2,263.83,701.01,1017.3,1005.3,922.05,510.21,203.8,917.5,522.94,486.84,888.73,701.24
393.58,179.44,236.46,477.2,876.35,506.98,564.35,768.65,859.51,629.61,931.07,508.04,914.17,149.91,281.92,890.27,67.902,379.84,153.03,496.61,921.53,365.06,543.56,799.44,433.81,514.44,297.88,292.16,307.52,384.94,871.25,174.62,915.74,136.63,752.28,146.18,464.36,694.31,853.53,270.37,299.1,657.46,361.28,773.35,338.47,819.31,512.28,69.829,333.3,401.14,549.22,417.7,276.79,227.83,371.73,166.86,334.77,610.49,480.33,488.47,426.68,823.23,589.68,307.06,545.47,744.98,409.78,375.86,717.28,297.25,751.3,650.93,957.68,489.01,457.22,607.71,224.71,923.06,0,181.95,911.19,343.37,888.48,467.86,364.42,302.66,532.35,811.11,213.61,166.53,190.06,740.57,239.91,960.53,307.92,375.96,101.36,544.31,723.25,766.6,446.19,852.97,662.55,240.05,671.22
549.19,195.36,417.14,417.57,765.2,598.11,635.14,859.1,782.86,573.52,892.72,545.44,825.39,192.48,107.08,873.16,164.46,529.32,210.08,675.14,878.7,369.91,725.05,709.04,440.54,596.13,475.39,259.05,486.14,326.1,769.35,153.37,815.98,168.2,674.81,308.2,645.58,744.01,822.63,193,136.6,622.18,275.16,659.63,465.29,770.49,677.12,229.28,152.36,233.89,390.46,585.31,101.99,334.16,191.29,327.82,511.23,498.19,330.38,371.52,578.22,758.73,738.01,439.68,519.34,629.58,297.36,196.58,583.08,343.3,779.85,611.95,987.5,307.13,564.5,665.42,405.94,896.27,181.95,0,886.78,525.32,791.47,394.12,447.73,147.58,366.99,824.76,98.654,339.81,369.84,719.93,158.08,883.58,413.62,209.76,268.9,706.06,801.96,715.36,611.92,930.64,734.92,58.382,789.83
832.09,1058.4,958.76,473.15,450.38,574.2,490.9,556.65,268.58,327.1,71.599,442.35,330.93,1039.8,841.3,39.925,964.89,802.47,758.16,1216.4,92.658,546.15,1197.5,347.16,478.91,542.5,945.38,634.4,959.52,561.1,399.08,1026.8,391.16,779.84,306.66,854.89,1152.4,374.86,68.775,693.78,978.13,265,1155.3,465.8,726.15,156.05,917.12,866.45,917.95,785.41,721.67,906.39,842.41,1138.2,934.11,1049.9,1120.7,507.01,1130.4,585.42,816.12,220.26,832.72,749.5,369.79,478.27,625.35,946.49,576.84,622.75,276.26,276.33,288.34,918.82,639.2,432.9,963.07,16.073,911.19,886.78,0,1046,373.38,504.06,616.13,996.53,759.37,197.09,788.23,890.94,1008.6,170.63,1044.8,274.88,686.71,1010.3,992.8,906.13,494.35,200.98,901.91,508.25,470.77,880.11,685.21
242.14,448.53,116.07,713.53,1137.2,497.77,582.31,702.81,1075.8,839.42,1086.3,603.78,1143.7,418.6,623.09,1015.2,377.62,261.53,405.99,179.28,1084.3,554.27,203.23,1038,598.18,523.65,100.76,548.08,86.526,638.57,1120.5,473.19,1160,425.42,977.48,250.78,127.97,726.71,1003.6,566.82,635.12,835.66,643.52,1042.3,320.64,999.36,270.23,308.7,676.22,736.08,873.93,194.3,618.05,345.44,714.32,240.55,103.18,887.91,800.2,780.4,274.4,1025.3,395.94,296.61,728.59,1017.4,706.08,717.83,1012.2,461.86,814.22,835.17,994.42,832.34,427.68,641.5,123.33,1060.7,343.37,525.32,1046,0,1130.4,720.79,431.01,635.34,862.89,892.64,542.06,206.38,162.83,886.73,547.05,1171.1,362.63,710.87,271.17,308.59,691.02,954.94,220.71,804.48,655,583.37,551.66
970.57,985.81,1022,419.94,80.933,761.61,699.77,852.41,107.3,297.74,312.93,590.53,53.942,977.86,708.65,401.18,921.38,937.7,751.87,1309.7,287.28,576.45,1315.9,92.495,541.49,730.14,1034.4,601.02,1049.6,506.11,33.159,944.82,30.157,753.9,158.45,892.69,1253.7,644.58,326.28,621.14,834.85,334.8,1019.4,151.68,843.3,240.76,1087.6,869.87,758.74,607.06,482.78,1045.2,711.87,1106.8,759.69,1051.9,1178.1,295.75,937.15,421,968.44,169.79,1041.2,853.59,415.94,180.19,494.26,770.84,273.58,668.81,569.67,326.98,656.19,697.93,807.05,658.8,1020.9,366.27,888.48,791.47,373.38,1130.4,0,421.74,726.24,853.44,524.24,519.73,701.23,936.52,1040.8,365.24,935.85,137.74,781.36,839.34,987.01,1089.2,778.05,239.17,1051.6,834.01,729.18,760.97,937.26
595.84,580.67,608.52,40.147,417.98,459.62,438.6,660.14,394.2,180.87,502.14,308.37,446.33,568.26,337.75,496.55,505.07,563.61,330.61,899.27,486.64,186.76,914.62,331.76,195.44,436.64,629.35,179.52,644.51,84.582,406.61,543.37,449.71,332.43,286.05,475.87,847.09,477.91,437.1,206.81,474.59,241.54,654.18,321.54,466.61,377.57,726.34,448.35,414.23,290.08,284.52,665.32,339.1,689.84,432.22,630.28,760.38,173.44,629.4,119.72,603.54,365.21,715.87,467.4,166.14,297.12,124.45,444.62,308.89,270.46,469.65,228.63,660.76,436.26,476.34,432.33,605.98,511.73,467.86,394.12,504.06,720.79,421.74,0,362.15,493.12,308.77,486.53,296.68,520.46,620.54,347.12,549.84,495.54,397.29,506.99,565.54,737.5,585.73,322.28,678.21,694.55,517.28,379.37,671.37
244.43,542.22,343.87,338.3,747.58,150.39,199.97,412.63,658.58,428.58,655.26,174.19,731.51,513.97,481.21,586.54,431.36,211.53,240.22,605.12,653.54,176.2,597.29,634.93,185.81,151.53,330.26,254.88,344.75,302.09,721.92,528.74,756.38,281.04,568.43,257.62,543.29,334.6,572.63,325.87,582.37,410.74,705.85,665.46,118.01,571.46,367.55,299.71,568.94,531.17,609.22,319.01,478.34,567.97,604.49,460.24,505.1,533.87,775.69,463.27,245.35,603.38,356.42,135,311.2,645.97,412.87,614.43,670.64,118.31,404.3,412.34,603.99,676.41,127.37,246.19,349.29,630.57,364.42,447.73,616.13,431.01,726.24,362.15,0,594.9,617.94,475.36,381.1,285.14,402.97,455.75,579.53,749.47,71.672,649.58,415,376.12,360.79,529.98,325.99,490.73,298.34,480.97,351.28
689.01,215.54,536.3,523.5,814.6,745.2,779.9,1005.5,861.75,673.4,994.66,684.73,893.53,234.31,155.37,986.85,257.75,671.1,357.62,766.73,978.24,505.58,826.99,779.23,574.03,742.46,600.02,390.15,609.05,439.68,827.53,174.95,874.8,315.76,756.39,443.12,746.94,883.82,930.04,314.71,18.84,732.15,166.12,710.19,611.24,868.68,812.98,362.59,97.568,248.48,397.95,719.23,154.12,372.12,114.07,410.69,602.15,558.53,183.53,437.88,719.61,847.03,880.93,584.62,637.37,679.69,377.27,109.04,613.99,488.2,913.37,720.26,1119.5,237.45,712.07,807.69,523.54,1004.6,302.66,147.58,996.53,635.34,853.44,493.12,594.9,0,363.19,952.55,226.16,468.82,473.23,834.73,114.1,959.81,561,75.844,365.1,843.7,947.04,813.48,747.1,1075.1,879.34,122.1,937.26
813.76,548.66,747.7,348.79,471.33,743.47,737.24,964.26,560.01,442.43,735.85,610.13,571.58,553.88,260.21,762.53,530.29,785.29,466.88,1026.9,714.31,452.53,1066.1,467.33,489.74,725.58,792.35,365.71,805.79,326.03,494.32,503.61,540.48,439.7,468.57,617.43,989.17,786.6,690.77,310.3,346.74,522.04,520.74,373.15,695.59,609.23,949.68,554.37,266.37,133.16,41.505,870.7,265.21,698.39,253.53,691.65,866.9,255.38,414.22,191.39,832.01,565.75,970.11,683.85,472.13,344.07,208.33,262.59,260.86,502.7,775.35,506.73,958.11,173.7,743.9,737.6,739.57,762.75,532.35,366.99,759.37,862.89,524.24,308.77,617.94,363.19,0,783.54,321.56,659.31,721.12,627.45,467.63,648.04,626.37,328.81,629.46,969.57,891.31,558.95,891.12,1002.9,821.99,314.32,957.6
665.35,974.82,817,447.94,586.4,401.47,315.46,360.04,413.37,347.71,264.82,306.44,488.93,951.81,802.35,157.25,871.81,638.16,661.39,1055.6,279.71,457.56,1028.5,464.8,385.92,372.07,793.55,565.86,806.72,516.4,538.04,949.5,543.66,691.02,402.9,729.59,990.06,183.56,203.96,638.07,935.31,264.95,1099.8,569.83,573.25,279.12,737.2,756.6,887.52,775.87,751.57,737.04,802.25,1031.4,910.89,931.21,975.8,554.5,1107.3,593.97,644.93,350.09,644.12,600.83,322.38,572.62,609.91,923.15,658.67,513.86,83.856,280.66,174.74,922.69,470.3,255.24,823.42,212.88,811.11,824.76,197.09,892.64,519.73,486.53,475.36,952.55,783.54,0,729.97,760.05,878.16,170.35,980.32,451.81,546.87,980.65,880.24,722.81,297.4,289.7,728.97,319.4,278.37,831.01,490.08
521.32,285.74,427.56,319.12,679.65,529.44,557.39,785.71,687.82,475.32,794.14,458.71,733.05,276.64,101.8,774.93,226.2,497.08,163.67,705.51,780.25,279.46,745.19,616.68,348.41,523.5,476.09,164.75,488.83,227.44,680.53,247.01,726.65,127.02,579.54,300.98,667.84,657.8,723.99,94.497,210.52,523.56,370.63,574.67,420.36,672.21,654.93,233.36,187.87,194.4,336.16,568.38,98.331,409.57,224.01,378.22,546.44,411.63,398.97,285.63,545.97,661.79,699.41,399.82,421.36,545.16,208.22,233.58,508.17,267.93,688.08,513.3,894.88,311.96,504.53,582.65,418.86,797.66,213.61,98.654,788.23,542.06,701.23,296.68,381.1,226.16,321.56,729.97,0,340.77,400.22,621.73,256.59,788.86,359.9,270.75,313.72,680.04,724.59,617.14,592.16,851.61,656.1,104.63,730.85
233.15,325.35,90.435,516.86,938.35,401.25,474.09,650.57,889.38,652.39,922.93,455.47,953.6,292.95,428.7,864.1,223.56,224.92,199.68,381.03,917.84,366.16,408.61,844.4,420.47,417.47,136.48,344.38,148.46,436.89,924.51,332.91,965.59,220.04,787.33,44.926,334.31,615.81,841.4,360.46,464.51,659.53,519.16,841.2,212.24,825.04,346.18,111.05,491.99,535.1,668.83,251.29,423.85,297.9,531.04,180.69,241.8,684.44,646.78,574.65,268.4,843.23,430.56,178.57,548.37,815.49,499.85,536.36,806.77,276.12,689.36,656.82,886.93,642.01,339.31,526.89,85.826,904.58,166.53,339.81,890.94,206.38,936.52,520.46,285.14,468.82,659.31,760.05,340.77,0,118.33,724.29,402.82,987.37,214.42,541.34,152.33,378.97,617.01,776.95,280.06,743.42,564.76,395.54,532.32
307.74,287.56,91.466,621.15,1037.7,512.55,588.5,753.52,998.76,762.46,1039.5,573.8,1060.6,256.89,471.85,982.1,215.92,310.25,290.45,306.57,1033.8,478.11,356.12,949.29,535.69,530.97,159.18,441.31,160.79,536.01,1027,310.55,1069.3,297.62,894.92,154.56,276.26,731.47,958.26,441.94,473.63,773.89,484.17,937.82,321.52,939.37,390.66,175.46,518.37,590.71,736.29,297.53,466.72,207.91,555.82,88.051,146.45,777.65,637.47,661.35,344.86,954.81,497.78,288.77,661.96,910.89,583.83,558.65,893.26,390.4,806.86,770.49,1002.9,676.47,447.51,642.67,77.377,1022.1,190.06,369.84,1008.6,162.83,1040.8,620.54,402.97,473.23,721.12,878.16,400.22,118.33,0,841.34,384.42,1097.8,331.81,548.92,108.41,427.75,725.43,890.3,328.08,849.48,676.45,428.22,623.29
683.19,888.65,795.05,312.61,425.08,436.86,360.77,487.74,263.91,185.24,199.69,285.52,343.37,869.61,680.29,153.24,794.38,652.16,587.55,1060.3,198.22,375.56,1047.1,300.2,308.87,404.25,785.99,465.22,800.5,395.98,379.2,857.76,391.88,609.33,234.85,687.12,997.52,281.28,117.34,527.27,816.61,106.85,990.82,400.59,569.75,136.67,779.92,696.36,760.3,635.47,593.09,758.66,681.03,967.68,779.29,880.41,957.36,388.76,976.51,442.49,671.21,198.12,710.17,590.55,200.85,402.49,471.19,791.69,488.57,453.45,205.28,121.46,337.72,776.38,495.99,309.92,798.61,182.65,740.57,719.93,170.63,886.73,365.24,347.12,455.75,834.73,627.45,170.35,621.73,724.29,841.34,0,877.98,326.77,524.74,853.39,822.73,773.57,414.37,126.63,757.43,470.76,370.44,716.32,584.4
633.18,106.02,457.7,574.77,903.27,728.54,774.64,991.68,934.14,730.08,1050.1,694.56,972.6,130.67,227.57,1031.2,179.5,619.73,340.37,665.95,1035.7,523.49,731.06,856.73,594.84,730.82,525.07,415.75,532.14,483.95,911.86,73.871,958.96,301.67,826.7,386.08,651.45,891.43,980.52,351.04,125.71,780.14,126.32,797.84,573.69,927.09,748.52,308.18,202.88,343.73,499.58,653.16,224.14,260.18,226.51,312.47,503.01,640.27,253.22,515.12,666.55,912.95,829.56,543.7,677.33,767.38,445.78,222.6,709.62,486.06,932.66,769.78,1140.8,351.41,686.19,809.82,443.94,1054.2,239.91,158.08,1044.8,547.05,935.85,549.84,579.53,114.1,467.63,980.32,256.59,402.82,384.42,877.98,0,1034.1,533.87,183.57,276.84,781.76,939.52,871.87,682.45,1069.3,874.62,175.11,906.04
989.54,1074.5,1068.4,483.33,216.53,757.53,685.5,805.05,101.34,335.34,205.41,594.16,83.808,1063.3,809.73,309.87,1000.4,957.25,815.59,1349.3,182.28,621.23,1346.6,182.31,572.94,725.01,1072.1,668.45,1087.2,576.11,170.82,1035.6,139.93,823.98,209.61,945.28,1289.9,604.1,247.86,701.96,941.01,338.93,1125.8,282.66,867.37,190.33,1096.3,933.25,867.93,718.41,606.62,1065.3,812.43,1184.8,872.78,1118.8,1228.5,404.05,1056.7,522,982.26,146.17,1034.4,882.55,442.53,308.23,588.36,884.41,406.71,712.33,516.43,337.26,563.11,821.18,811.61,636.42,1069.1,263.83,960.53,883.58,274.88,1171.1,137.74,495.54,749.47,959.81,648.04,451.81,788.86,987.37,1097.8,326.77,1034.1,0,811.77,952.64,1055.4,1093.1,735.04,220.7,1067.7,771.17,695.98,859.31,910.87
198.61,487.3,272.48,379.07,797.68,199.23,263.01,460.89,718.73,485.09,724.42,245.46,789.72,457.71,461.68,657.59,375.75,166.64,203.76,538.69,721.96,212.28,535.85,689.27,240.63,209.11,262.17,261.28,276.98,327.14,774.99,477.96,811.36,245.65,624.86,189.58,478.25,402.31,641.92,321.34,550.1,474.3,659.78,710.92,70.613,637.11,331.08,240.18,546.09,527.7,622.35,268.73,458.22,501.95,583.33,391.51,434.06,570.73,743.99,487.41,209.15,665.63,345.41,72.301,370.17,689.54,428.32,592.37,705.39,129.17,475.07,474.69,672.95,666.37,152.47,313.43,277.69,701.01,307.92,413.62,686.71,362.63,781.36,397.29,71.672,561,626.37,546.87,359.9,214.42,331.81,524.74,533.87,811.77,0,620.95,349.25,346.18,416.26,593.75,280.92,545.63,358.05,453.42,376.28
757.88,288.27,610.82,540.82,794.31,799.02,828.02,1056.4,857.05,683.9,1003.1,725.87,882.39,308.82,179.95,1003.5,333.25,738.71,417.32,842.36,985.2,545.02,902.83,770.56,610.5,793.99,673.79,428.34,683.13,464.27,811.68,249.35,858.77,375.54,754.52,513.81,822.78,924.4,942.66,349.68,76.873,748.46,194.4,691.96,674.62,875.69,883.86,433.49,93.31,234.33,367.21,790.76,180.91,443.72,79.869,486.36,677.86,548.62,128.97,435.33,787.51,848.08,947.7,649.38,660.65,661.74,385.06,68.497,587.61,538.43,946.98,735.6,1150.6,179.68,770.15,851.8,598.24,1017.3,375.96,209.76,1010.3,710.87,839.34,506.99,649.58,75.844,328.81,980.65,270.75,541.34,548.92,853.39,183.57,952.64,620.95,0,440.87,913.81,995.18,821.01,818.2,1121.8,926.48,168.61,996.31
381.71,183.86,183.65,572.56,976.56,545.08,612.22,799.69,954.78,722.35,1016.7,574.01,1011.4,152.02,374.05,969.7,108.83,376.27,240.57,407.32,1008.5,448.57,462.6,897.3,513.91,557.95,252.76,387.61,258.13,481.76,970.46,203.05,1014.6,233.13,848.24,160.8,382.53,749.59,937.63,371.15,365.97,744.88,381.35,873.95,360.65,908.62,482.5,126.37,413.81,497.11,647.98,387.17,368.89,152.97,450.55,65.605,242.73,711.3,529.55,589.72,417.94,916.2,578.2,327.02,632.23,845.74,511.06,452.79,818.63,370.91,815.18,739.41,1018.2,573.09,486.79,661.14,169.36,1005.3,101.36,268.9,992.8,271.17,987.01,565.54,415,365.1,629.46,880.24,313.72,152.33,108.41,822.73,276.84,1055.4,349.25,440.87,0,517.96,762.4,856.93,417.45,890.33,706.74,326.92,684.61
158.72,700.2,337.76,714.41,1117.6,336.72,415.98,444.95,1010.9,793.2,961.18,500.63,1087.8,667.81,779.16,869.37,602.37,184.65,516.55,395.52,966.38,550.78,336.81,1000.1,558.49,369.34,268.66,606.54,267.55,672.04,1088.3,711.28,1119.2,553.8,930.79,400.61,332.24,539.91,881.18,660.5,837.63,759.2,896.43,1039.7,275.67,905.17,38.424,481.14,854.3,863.25,967.48,130.94,774.9,634.29,893.29,515.8,410.68,909.85,1024.1,833.03,137.65,950.23,98.632,285.82,674.77,1021.1,774.37,900.29,1046.3,474.9,638.97,764.54,780.15,991.99,282.59,473.23,352.35,922.05,544.31,706.06,906.13,308.59,1089.2,737.5,376.12,843.7,969.57,722.81,680.04,378.97,427.75,773.57,781.76,1093.1,346.18,913.81,517.96,0,458.83,873.32,100.52,547.73,448.73,757.1,277.99
448.98,902.09,645.58,547.08,832.09,217.52,167.24,77.116,678.27,528.45,560.61,282.31,757.73,873.16,818.75,454.59,790.78,430.94,599.24,831.34,573.33,457.39,787.81,705.36,404.49,209.32,601.96,571.51,611.96,570.66,789.31,889.51,805.45,638.88,635.09,601.61,764.8,133.48,492.04,650.71,933.04,458.03,1065.7,788.13,405.03,548.71,481.51,656.32,908.49,838.68,869.86,508.22,816.79,913.54,940.7,797.67,787.51,717.85,1123.6,705.42,418.62,612.48,368.45,438.55,437.99,781.51,687.08,951.76,846.54,458.89,220.52,470.75,321.5,990.82,278.12,153.71,655.96,510.21,723.25,801.96,494.35,691.02,778.05,585.73,360.79,947.04,891.31,297.4,724.59,617.01,725.43,414.37,939.52,735.04,416.26,995.18,762.4,458.83,0,539.01,491.64,129.95,70.082,828.44,197.77
769.01,897.5,855.08,298.29,298.8,538.78,469.88,613.24,141.59,141.85,182.09,373.62,221.34,882.39,658.38,209.46,813.1,736.8,616.55,1132.2,164.76,412.32,1127.3,175.21,357.76,506.42,855.21,476.91,870.21,391.77,252.57,862.21,266.46,630.64,115.38,736.26,1072,405.55,133.12,524.46,794.79,119.45,975.96,282.76,647.64,55.301,875.95,732.03,730.03,591.72,520.92,844.77,660.05,993.94,743.24,918.4,1016.5,306.02,937.8,389.58,761.56,77.416,817.15,663.81,228.59,289.26,437.08,755.53,383.1,500.83,331.85,120.24,444.7,720.6,591.37,424.55,856.69,203.8,766.6,715.36,200.98,954.94,239.17,322.28,529.98,813.48,558.95,289.7,617.14,776.95,890.3,126.63,871.87,220.7,593.75,821.01,856.93,873.32,539.01,0,847.01,597.19,491.56,701.53,702.41
82.489,599.84,237.6,659.17,1073.5,328.55,413.92,492.75,980.31,753.83,951.71,474.57,1054.9,567.48,689.44,867.15,502.96,115.17,430.04,339.85,954.27,492.64,300.35,960.59,511.79,359.65,168.91,533.6,168.96,606.92,1047.8,611.54,1081.7,465.18,893.4,304.4,273.4,550.87,869.92,580.83,741.68,729.47,796.28,989.81,212.17,883.69,66.119,384.74,761.76,779.6,891.91,30.571,685.01,535.29,800.88,416.08,323.88,851.64,926.48,765.74,86.222,922.52,176.01,212.29,635.74,969.24,702.39,807.41,986.2,409.12,646.34,732.88,807.33,903.33,262.84,473.93,252.17,917.5,446.19,611.92,901.91,220.71,1051.6,678.21,325.99,747.1,891.12,728.97,592.16,280.06,328.08,757.43,682.45,1067.7,280.92,818.2,417.45,100.52,491.64,847.01,0,595.82,467.38,664.42,334.59
563.02,1031.9,767.22,654.9,895.84,346.5,295.52,103.32,729.27,613.58,579.08,401.18,806.44,1002.9,944.27,468.95,920.56,548.39,728.92,934.44,596.43,580.32,883.6,770.63,522.93,339.27,719.71,695.87,728.71,687.92,849.6,1019.5,859.31,768.36,703.36,729.68,868.44,217.71,523.32,775.25,1060.8,536.17,1195.4,864.66,531.18,595.37,575.59,785.79,1034,958.17,978.85,615.75,942.51,1040.8,1065.5,923.8,903.5,812.93,1250.4,813.87,530.1,664.5,450.97,564.87,537.7,861.83,802.32,1076.7,935.44,587.35,265.59,550.5,269,1110.6,404.14,271.82,778.24,522.94,852.97,930.64,508.25,804.48,834.01,694.55,490.73,1075.1,1002.9,319.4,851.61,743.42,849.48,470.76,1069.3,771.17,545.63,1121.8,890.33,547.73,129.95,597.19,595.82,0,195.77,955.81,270.09
415.27,840.56,600.34,478.97,779.38,163.91,100.02,142.9,632.56,468.62,533.06,212.44,712.38,812.24,749.55,431.95,729.66,393.48,534.28,804.23,543.11,387.46,767.22,652.79,334.53,148.94,561.91,501.89,573,500.71,738.38,826.39,757.34,573.29,581.74,546.17,737.69,95.914,459.3,581.16,865.09,402.2,1000.7,730.21,354.95,506.84,466.55,596.8,839.32,768.6,801.03,480.39,747.67,858.92,871.27,745.22,748.17,653.18,1055,636.87,388.43,567.02,366.39,387.76,373.02,722.09,617.31,882.38,783.65,391.62,195.3,413.97,340.87,920.74,230.8,85.031,609.82,486.84,662.55,734.92,470.77,655,729.18,517.28,298.34,879.34,821.99,278.37,656.1,564.76,676.45,370.44,874.62,695.98,358.05,926.48,706.74,448.73,70.082,491.56,467.38,195.77,0,760.19,216.16
599.31,237.05,474.47,407.23,729.9,630.51,661.2,888.62,759.53,560.24,881.4,563.29,797.49,239.85,55.824,869.01,221.3,578.01,250.44,733.45,866.01,383.69,783.36,681.63,451.94,625.92,531.62,268.06,542.69,320.4,737.3,192.51,784.33,209.11,652.38,362.17,703.93,762.37,814.43,192.94,105.98,615.18,275.24,624.32,509.15,756.83,729.15,284.56,97.338,182.26,340.41,638.44,51.439,384.11,136.47,385.01,569.43,465.58,295.51,340.09,627.07,739.84,785.08,485.35,517.61,593.95,271.07,143.19,540.88,370.52,791.27,603.87,997.47,248.97,601.82,687.21,463.5,888.73,240.05,58.382,880.11,583.37,760.97,379.37,480.97,122.1,314.32,831.01,104.63,395.54,428.22,716.32,175.11,859.31,453.42,168.61,326.92,757.1,828.44,701.53,664.42,955.81,760.19,0,828.11
318.45,848.3,534.53,637.48,982.35,214.19,242.93,168.14,843.97,661.89,748.7,370.33,923.75,816.85,831.74,645.95,738.28,313.07,579.81,668.73,759.16,505.07,614.53,856.83,476.05,234.75,477.47,602.85,483.86,632.37,944.04,845.49,966.09,621.72,785.29,531.03,603.47,311.36,675.45,676.49,926.22,604.53,1030.8,924.06,332.87,721.07,307.26,601.39,918.59,880.2,943.73,358.02,828.7,826.53,954.77,705.53,653.73,827.03,1120.1,786.28,282.11,778.92,180.88,364.27,553.52,912.43,749.37,964.44,962.66,468.99,408.95,614.52,514.67,1027.1,226.41,278.46,547.34,701.24,671.22,789.83,685.21,551.66,937.26,671.37,351.28,937.26,957.6,490.08,730.85,532.32,623.29,584.4,906.04,910.87,376.28,996.31,684.61,277.99,197.77,702.41,334.59,270.09,216.16,828.11,0
